solid ASCII
  facet normal 1.000000e+00 0.000000e+00 0.000000e+00
    outer loop
      vertex   1.770000e+02 5.250000e+01 4.374285e+01
      vertex   1.770000e+02 5.050000e+01 4.400000e+01
      vertex   1.770000e+02 5.250000e+01 4.339625e+01
    endloop
  endfacet
  facet normal 0.000000e+00 -1.000000e+00 0.000000e+00
    outer loop
      vertex   1.769063e+02 5.050000e+01 8.437538e-01
      vertex   1.761563e+02 5.050000e+01 9.375382e-02
      vertex   1.766250e+02 5.050000e+01 3.750038e-01
    endloop
  endfacet
  facet normal -0.000000e+00 -0.000000e+00 -1.000000e+00
    outer loop
      vertex   1.755000e+02 5.250000e+01 3.814697e-06
      vertex   1.755000e+02 5.050000e+01 3.814697e-06
      vertex   1.754900e+02 5.250000e+01 3.814697e-06
    endloop
  endfacet
  facet normal 1.000000e+00 0.000000e+00 0.000000e+00
    outer loop
      vertex   1.770000e+02 5.250000e+01 4.400000e+01
      vertex   1.770000e+02 5.050000e+01 4.400000e+01
      vertex   1.770000e+02 5.250000e+01 4.383994e+01
    endloop
  endfacet
  facet normal 1.000000e+00 0.000000e+00 0.000000e+00
    outer loop
      vertex   1.770000e+02 5.250000e+01 4.383994e+01
      vertex   1.770000e+02 5.050000e+01 4.400000e+01
      vertex   1.770000e+02 5.250000e+01 4.383819e+01
    endloop
  endfacet
  facet normal 1.000000e+00 0.000000e+00 0.000000e+00
    outer loop
      vertex   1.770000e+02 5.250000e+01 1.803789e+00
      vertex   1.770000e+02 5.050000e+01 1.500004e+00
      vertex   1.770000e+02 5.250000e+01 1.500004e+00
    endloop
  endfacet
  facet normal 1.000000e+00 0.000000e+00 0.000000e+00
    outer loop
      vertex   1.770000e+02 5.250000e+01 1.807100e+00
      vertex   1.770000e+02 5.050000e+01 1.500004e+00
      vertex   1.770000e+02 5.250000e+01 1.803789e+00
    endloop
  endfacet
  facet normal 1.000000e+00 0.000000e+00 0.000000e+00
    outer loop
      vertex   1.770000e+02 5.250000e+01 1.810488e+00
      vertex   1.770000e+02 5.050000e+01 1.500004e+00
      vertex   1.770000e+02 5.250000e+01 1.807100e+00
    endloop
  endfacet
  facet normal 1.000000e+00 0.000000e+00 0.000000e+00
    outer loop
      vertex   1.770000e+02 5.250000e+01 1.813948e+00
      vertex   1.770000e+02 5.050000e+01 1.500004e+00
      vertex   1.770000e+02 5.250000e+01 1.810488e+00
    endloop
  endfacet
  facet normal 1.000000e+00 0.000000e+00 0.000000e+00
    outer loop
      vertex   1.770000e+02 5.250000e+01 1.817488e+00
      vertex   1.770000e+02 5.050000e+01 1.500004e+00
      vertex   1.770000e+02 5.250000e+01 1.813948e+00
    endloop
  endfacet
  facet normal 1.000000e+00 0.000000e+00 0.000000e+00
    outer loop
      vertex   1.770000e+02 5.250000e+01 1.821108e+00
      vertex   1.770000e+02 5.050000e+01 1.500004e+00
      vertex   1.770000e+02 5.250000e+01 1.817488e+00
    endloop
  endfacet
  facet normal 1.000000e+00 0.000000e+00 0.000000e+00
    outer loop
      vertex   1.770000e+02 5.250000e+01 1.824810e+00
      vertex   1.770000e+02 5.050000e+01 1.500004e+00
      vertex   1.770000e+02 5.250000e+01 1.821108e+00
    endloop
  endfacet
  facet normal 1.000000e+00 0.000000e+00 0.000000e+00
    outer loop
      vertex   1.770000e+02 5.250000e+01 1.828600e+00
      vertex   1.770000e+02 5.050000e+01 1.500004e+00
      vertex   1.770000e+02 5.250000e+01 1.824810e+00
    endloop
  endfacet
  facet normal 1.000000e+00 0.000000e+00 0.000000e+00
    outer loop
      vertex   1.770000e+02 5.250000e+01 1.832480e+00
      vertex   1.770000e+02 5.050000e+01 1.500004e+00
      vertex   1.770000e+02 5.250000e+01 1.828600e+00
    endloop
  endfacet
  facet normal 1.000000e+00 0.000000e+00 0.000000e+00
    outer loop
      vertex   1.770000e+02 5.250000e+01 1.836453e+00
      vertex   1.770000e+02 5.050000e+01 1.500004e+00
      vertex   1.770000e+02 5.250000e+01 1.832480e+00
    endloop
  endfacet
  facet normal 1.000000e+00 0.000000e+00 0.000000e+00
    outer loop
      vertex   1.770000e+02 5.250000e+01 1.840521e+00
      vertex   1.770000e+02 5.050000e+01 1.500004e+00
      vertex   1.770000e+02 5.250000e+01 1.836453e+00
    endloop
  endfacet
  facet normal 1.000000e+00 0.000000e+00 0.000000e+00
    outer loop
      vertex   1.770000e+02 5.250000e+01 1.844688e+00
      vertex   1.770000e+02 5.050000e+01 1.500004e+00
      vertex   1.770000e+02 5.250000e+01 1.840521e+00
    endloop
  endfacet
  facet normal 1.000000e+00 0.000000e+00 0.000000e+00
    outer loop
      vertex   1.770000e+02 5.250000e+01 1.848959e+00
      vertex   1.770000e+02 5.050000e+01 1.500004e+00
      vertex   1.770000e+02 5.250000e+01 1.844688e+00
    endloop
  endfacet
  facet normal 1.000000e+00 0.000000e+00 0.000000e+00
    outer loop
      vertex   1.770000e+02 5.250000e+01 1.853338e+00
      vertex   1.770000e+02 5.050000e+01 1.500004e+00
      vertex   1.770000e+02 5.250000e+01 1.848959e+00
    endloop
  endfacet
  facet normal 1.000000e+00 0.000000e+00 0.000000e+00
    outer loop
      vertex   1.770000e+02 5.250000e+01 1.857826e+00
      vertex   1.770000e+02 5.050000e+01 1.500004e+00
      vertex   1.770000e+02 5.250000e+01 1.853338e+00
    endloop
  endfacet
  facet normal 1.000000e+00 0.000000e+00 0.000000e+00
    outer loop
      vertex   1.770000e+02 5.250000e+01 1.862433e+00
      vertex   1.770000e+02 5.050000e+01 1.500004e+00
      vertex   1.770000e+02 5.250000e+01 1.857826e+00
    endloop
  endfacet
  facet normal 1.000000e+00 0.000000e+00 0.000000e+00
    outer loop
      vertex   1.770000e+02 5.250000e+01 1.867157e+00
      vertex   1.770000e+02 5.050000e+01 1.500004e+00
      vertex   1.770000e+02 5.250000e+01 1.862433e+00
    endloop
  endfacet
  facet normal 1.000000e+00 0.000000e+00 0.000000e+00
    outer loop
      vertex   1.770000e+02 5.250000e+01 1.872007e+00
      vertex   1.770000e+02 5.050000e+01 1.500004e+00
      vertex   1.770000e+02 5.250000e+01 1.867157e+00
    endloop
  endfacet
  facet normal 1.000000e+00 0.000000e+00 0.000000e+00
    outer loop
      vertex   1.770000e+02 5.250000e+01 1.876987e+00
      vertex   1.770000e+02 5.050000e+01 1.500004e+00
      vertex   1.770000e+02 5.250000e+01 1.872007e+00
    endloop
  endfacet
  facet normal 1.000000e+00 0.000000e+00 0.000000e+00
    outer loop
      vertex   1.770000e+02 5.250000e+01 1.882101e+00
      vertex   1.770000e+02 5.050000e+01 1.500004e+00
      vertex   1.770000e+02 5.250000e+01 1.876987e+00
    endloop
  endfacet
  facet normal 1.000000e+00 0.000000e+00 0.000000e+00
    outer loop
      vertex   1.770000e+02 5.250000e+01 1.887358e+00
      vertex   1.770000e+02 5.050000e+01 1.500004e+00
      vertex   1.770000e+02 5.250000e+01 1.882101e+00
    endloop
  endfacet
  facet normal 1.000000e+00 0.000000e+00 0.000000e+00
    outer loop
      vertex   1.770000e+02 5.250000e+01 1.892759e+00
      vertex   1.770000e+02 5.050000e+01 1.500004e+00
      vertex   1.770000e+02 5.250000e+01 1.887358e+00
    endloop
  endfacet
  facet normal 1.000000e+00 0.000000e+00 0.000000e+00
    outer loop
      vertex   1.770000e+02 5.250000e+01 1.898315e+00
      vertex   1.770000e+02 5.050000e+01 1.500004e+00
      vertex   1.770000e+02 5.250000e+01 1.892759e+00
    endloop
  endfacet
  facet normal 1.000000e+00 0.000000e+00 0.000000e+00
    outer loop
      vertex   1.770000e+02 5.250000e+01 1.904030e+00
      vertex   1.770000e+02 5.050000e+01 1.500004e+00
      vertex   1.770000e+02 5.250000e+01 1.898315e+00
    endloop
  endfacet
  facet normal 1.000000e+00 0.000000e+00 0.000000e+00
    outer loop
      vertex   1.770000e+02 5.250000e+01 1.909910e+00
      vertex   1.770000e+02 5.050000e+01 1.500004e+00
      vertex   1.770000e+02 5.250000e+01 1.904030e+00
    endloop
  endfacet
  facet normal 1.000000e+00 0.000000e+00 0.000000e+00
    outer loop
      vertex   1.770000e+02 5.250000e+01 1.915964e+00
      vertex   1.770000e+02 5.050000e+01 1.500004e+00
      vertex   1.770000e+02 5.250000e+01 1.909910e+00
    endloop
  endfacet
  facet normal 1.000000e+00 0.000000e+00 0.000000e+00
    outer loop
      vertex   1.770000e+02 5.250000e+01 1.922201e+00
      vertex   1.770000e+02 5.050000e+01 1.500004e+00
      vertex   1.770000e+02 5.250000e+01 1.915964e+00
    endloop
  endfacet
  facet normal 1.000000e+00 0.000000e+00 0.000000e+00
    outer loop
      vertex   1.770000e+02 5.250000e+01 1.928627e+00
      vertex   1.770000e+02 5.050000e+01 1.500004e+00
      vertex   1.770000e+02 5.250000e+01 1.922201e+00
    endloop
  endfacet
  facet normal 1.000000e+00 0.000000e+00 0.000000e+00
    outer loop
      vertex   1.770000e+02 5.250000e+01 1.935251e+00
      vertex   1.770000e+02 5.050000e+01 1.500004e+00
      vertex   1.770000e+02 5.250000e+01 1.928627e+00
    endloop
  endfacet
  facet normal 1.000000e+00 0.000000e+00 0.000000e+00
    outer loop
      vertex   1.770000e+02 5.250000e+01 1.942083e+00
      vertex   1.770000e+02 5.050000e+01 1.500004e+00
      vertex   1.770000e+02 5.250000e+01 1.935251e+00
    endloop
  endfacet
  facet normal 1.000000e+00 0.000000e+00 0.000000e+00
    outer loop
      vertex   1.770000e+02 5.250000e+01 1.949133e+00
      vertex   1.770000e+02 5.050000e+01 1.500004e+00
      vertex   1.770000e+02 5.250000e+01 1.942083e+00
    endloop
  endfacet
  facet normal 1.000000e+00 0.000000e+00 0.000000e+00
    outer loop
      vertex   1.770000e+02 5.250000e+01 1.956413e+00
      vertex   1.770000e+02 5.050000e+01 1.500004e+00
      vertex   1.770000e+02 5.250000e+01 1.949133e+00
    endloop
  endfacet
  facet normal 1.000000e+00 0.000000e+00 0.000000e+00
    outer loop
      vertex   1.770000e+02 5.250000e+01 1.963932e+00
      vertex   1.770000e+02 5.050000e+01 1.500004e+00
      vertex   1.770000e+02 5.250000e+01 1.956413e+00
    endloop
  endfacet
  facet normal 1.000000e+00 0.000000e+00 0.000000e+00
    outer loop
      vertex   1.770000e+02 5.250000e+01 1.971703e+00
      vertex   1.770000e+02 5.050000e+01 1.500004e+00
      vertex   1.770000e+02 5.250000e+01 1.963932e+00
    endloop
  endfacet
  facet normal 1.000000e+00 0.000000e+00 0.000000e+00
    outer loop
      vertex   1.770000e+02 5.250000e+01 1.979738e+00
      vertex   1.770000e+02 5.050000e+01 1.500004e+00
      vertex   1.770000e+02 5.250000e+01 1.971703e+00
    endloop
  endfacet
  facet normal 1.000000e+00 0.000000e+00 0.000000e+00
    outer loop
      vertex   1.770000e+02 5.250000e+01 1.988050e+00
      vertex   1.770000e+02 5.050000e+01 1.500004e+00
      vertex   1.770000e+02 5.250000e+01 1.979738e+00
    endloop
  endfacet
  facet normal 1.000000e+00 0.000000e+00 0.000000e+00
    outer loop
      vertex   1.770000e+02 5.250000e+01 4.336159e+01
      vertex   1.770000e+02 5.050000e+01 4.400000e+01
      vertex   1.770000e+02 5.250000e+01 4.301498e+01
    endloop
  endfacet
  facet normal 1.000000e+00 0.000000e+00 0.000000e+00
    outer loop
      vertex   1.770000e+02 5.250000e+01 4.383819e+01
      vertex   1.770000e+02 5.050000e+01 4.400000e+01
      vertex   1.770000e+02 5.250000e+01 4.383641e+01
    endloop
  endfacet
  facet normal 1.000000e+00 0.000000e+00 0.000000e+00
    outer loop
      vertex   1.770000e+02 5.250000e+01 4.383641e+01
      vertex   1.770000e+02 5.050000e+01 4.400000e+01
      vertex   1.770000e+02 5.250000e+01 4.383459e+01
    endloop
  endfacet
  facet normal 1.000000e+00 0.000000e+00 0.000000e+00
    outer loop
      vertex   1.770000e+02 5.250000e+01 4.383459e+01
      vertex   1.770000e+02 5.050000e+01 4.400000e+01
      vertex   1.770000e+02 5.250000e+01 4.383272e+01
    endloop
  endfacet
  facet normal 1.000000e+00 0.000000e+00 0.000000e+00
    outer loop
      vertex   1.770000e+02 5.250000e+01 4.383272e+01
      vertex   1.770000e+02 5.050000e+01 4.400000e+01
      vertex   1.770000e+02 5.250000e+01 4.383082e+01
    endloop
  endfacet
  facet normal 1.000000e+00 0.000000e+00 0.000000e+00
    outer loop
      vertex   1.770000e+02 5.250000e+01 4.383082e+01
      vertex   1.770000e+02 5.050000e+01 4.400000e+01
      vertex   1.770000e+02 5.250000e+01 4.382886e+01
    endloop
  endfacet
  facet normal 1.000000e+00 0.000000e+00 0.000000e+00
    outer loop
      vertex   1.770000e+02 5.250000e+01 4.382886e+01
      vertex   1.770000e+02 5.050000e+01 4.400000e+01
      vertex   1.770000e+02 5.250000e+01 4.382687e+01
    endloop
  endfacet
  facet normal 1.000000e+00 0.000000e+00 0.000000e+00
    outer loop
      vertex   1.770000e+02 5.250000e+01 4.382687e+01
      vertex   1.770000e+02 5.050000e+01 4.400000e+01
      vertex   1.770000e+02 5.250000e+01 4.382482e+01
    endloop
  endfacet
  facet normal 1.000000e+00 0.000000e+00 0.000000e+00
    outer loop
      vertex   1.770000e+02 5.250000e+01 4.382482e+01
      vertex   1.770000e+02 5.050000e+01 4.400000e+01
      vertex   1.770000e+02 5.250000e+01 4.382273e+01
    endloop
  endfacet
  facet normal 1.000000e+00 0.000000e+00 0.000000e+00
    outer loop
      vertex   1.770000e+02 5.250000e+01 4.382273e+01
      vertex   1.770000e+02 5.050000e+01 4.400000e+01
      vertex   1.770000e+02 5.250000e+01 4.382059e+01
    endloop
  endfacet
  facet normal 1.000000e+00 0.000000e+00 0.000000e+00
    outer loop
      vertex   1.770000e+02 5.250000e+01 4.382059e+01
      vertex   1.770000e+02 5.050000e+01 4.400000e+01
      vertex   1.770000e+02 5.250000e+01 4.381839e+01
    endloop
  endfacet
  facet normal 1.000000e+00 0.000000e+00 0.000000e+00
    outer loop
      vertex   1.770000e+02 5.250000e+01 4.381839e+01
      vertex   1.770000e+02 5.050000e+01 4.400000e+01
      vertex   1.770000e+02 5.250000e+01 4.381614e+01
    endloop
  endfacet
  facet normal 1.000000e+00 0.000000e+00 0.000000e+00
    outer loop
      vertex   1.770000e+02 5.250000e+01 4.381614e+01
      vertex   1.770000e+02 5.050000e+01 4.400000e+01
      vertex   1.770000e+02 5.250000e+01 4.381383e+01
    endloop
  endfacet
  facet normal 1.000000e+00 0.000000e+00 0.000000e+00
    outer loop
      vertex   1.770000e+02 5.250000e+01 4.381383e+01
      vertex   1.770000e+02 5.050000e+01 4.400000e+01
      vertex   1.770000e+02 5.250000e+01 4.381147e+01
    endloop
  endfacet
  facet normal 1.000000e+00 0.000000e+00 0.000000e+00
    outer loop
      vertex   1.770000e+02 5.250000e+01 4.381147e+01
      vertex   1.770000e+02 5.050000e+01 4.400000e+01
      vertex   1.770000e+02 5.250000e+01 4.380904e+01
    endloop
  endfacet
  facet normal 1.000000e+00 0.000000e+00 0.000000e+00
    outer loop
      vertex   1.770000e+02 5.250000e+01 4.380904e+01
      vertex   1.770000e+02 5.050000e+01 4.400000e+01
      vertex   1.770000e+02 5.250000e+01 4.380655e+01
    endloop
  endfacet
  facet normal 1.000000e+00 0.000000e+00 0.000000e+00
    outer loop
      vertex   1.770000e+02 5.250000e+01 4.380655e+01
      vertex   1.770000e+02 5.050000e+01 4.400000e+01
      vertex   1.770000e+02 5.250000e+01 4.380400e+01
    endloop
  endfacet
  facet normal 1.000000e+00 0.000000e+00 0.000000e+00
    outer loop
      vertex   1.770000e+02 5.250000e+01 4.380400e+01
      vertex   1.770000e+02 5.050000e+01 4.400000e+01
      vertex   1.770000e+02 5.250000e+01 4.380137e+01
    endloop
  endfacet
  facet normal 1.000000e+00 0.000000e+00 0.000000e+00
    outer loop
      vertex   1.770000e+02 5.250000e+01 4.380137e+01
      vertex   1.770000e+02 5.050000e+01 4.400000e+01
      vertex   1.770000e+02 5.250000e+01 4.379868e+01
    endloop
  endfacet
  facet normal 1.000000e+00 0.000000e+00 0.000000e+00
    outer loop
      vertex   1.770000e+02 5.250000e+01 4.379868e+01
      vertex   1.770000e+02 5.050000e+01 4.400000e+01
      vertex   1.770000e+02 5.250000e+01 4.379591e+01
    endloop
  endfacet
  facet normal 1.000000e+00 0.000000e+00 0.000000e+00
    outer loop
      vertex   1.770000e+02 5.250000e+01 4.379591e+01
      vertex   1.770000e+02 5.050000e+01 4.400000e+01
      vertex   1.770000e+02 5.250000e+01 4.379306e+01
    endloop
  endfacet
  facet normal 1.000000e+00 0.000000e+00 0.000000e+00
    outer loop
      vertex   1.770000e+02 5.250000e+01 4.379306e+01
      vertex   1.770000e+02 5.050000e+01 4.400000e+01
      vertex   1.770000e+02 5.250000e+01 4.379014e+01
    endloop
  endfacet
  facet normal 1.000000e+00 0.000000e+00 0.000000e+00
    outer loop
      vertex   1.770000e+02 5.250000e+01 4.379014e+01
      vertex   1.770000e+02 5.050000e+01 4.400000e+01
      vertex   1.770000e+02 5.250000e+01 4.378712e+01
    endloop
  endfacet
  facet normal 1.000000e+00 0.000000e+00 0.000000e+00
    outer loop
      vertex   1.770000e+02 5.250000e+01 4.378712e+01
      vertex   1.770000e+02 5.050000e+01 4.400000e+01
      vertex   1.770000e+02 5.250000e+01 4.378402e+01
    endloop
  endfacet
  facet normal 1.000000e+00 0.000000e+00 0.000000e+00
    outer loop
      vertex   1.770000e+02 5.250000e+01 4.378402e+01
      vertex   1.770000e+02 5.050000e+01 4.400000e+01
      vertex   1.770000e+02 5.250000e+01 4.378083e+01
    endloop
  endfacet
  facet normal 1.000000e+00 0.000000e+00 0.000000e+00
    outer loop
      vertex   1.770000e+02 5.250000e+01 4.378083e+01
      vertex   1.770000e+02 5.050000e+01 4.400000e+01
      vertex   1.770000e+02 5.250000e+01 4.377755e+01
    endloop
  endfacet
  facet normal 1.000000e+00 0.000000e+00 0.000000e+00
    outer loop
      vertex   1.770000e+02 5.250000e+01 4.377755e+01
      vertex   1.770000e+02 5.050000e+01 4.400000e+01
      vertex   1.770000e+02 5.250000e+01 4.377416e+01
    endloop
  endfacet
  facet normal 1.000000e+00 0.000000e+00 0.000000e+00
    outer loop
      vertex   1.770000e+02 5.250000e+01 4.377416e+01
      vertex   1.770000e+02 5.050000e+01 4.400000e+01
      vertex   1.770000e+02 5.250000e+01 4.377067e+01
    endloop
  endfacet
  facet normal 1.000000e+00 0.000000e+00 0.000000e+00
    outer loop
      vertex   1.770000e+02 5.250000e+01 4.377067e+01
      vertex   1.770000e+02 5.050000e+01 4.400000e+01
      vertex   1.770000e+02 5.250000e+01 4.376707e+01
    endloop
  endfacet
  facet normal 1.000000e+00 0.000000e+00 0.000000e+00
    outer loop
      vertex   1.770000e+02 5.250000e+01 4.376707e+01
      vertex   1.770000e+02 5.050000e+01 4.400000e+01
      vertex   1.770000e+02 5.250000e+01 4.376336e+01
    endloop
  endfacet
  facet normal 1.000000e+00 0.000000e+00 0.000000e+00
    outer loop
      vertex   1.770000e+02 5.250000e+01 4.376336e+01
      vertex   1.770000e+02 5.050000e+01 4.400000e+01
      vertex   1.770000e+02 5.250000e+01 4.375952e+01
    endloop
  endfacet
  facet normal 1.000000e+00 0.000000e+00 0.000000e+00
    outer loop
      vertex   1.770000e+02 5.250000e+01 4.375952e+01
      vertex   1.770000e+02 5.050000e+01 4.400000e+01
      vertex   1.770000e+02 5.250000e+01 4.375556e+01
    endloop
  endfacet
  facet normal 1.000000e+00 0.000000e+00 0.000000e+00
    outer loop
      vertex   1.770000e+02 5.250000e+01 4.375556e+01
      vertex   1.770000e+02 5.050000e+01 4.400000e+01
      vertex   1.770000e+02 5.250000e+01 4.375147e+01
    endloop
  endfacet
  facet normal 1.000000e+00 0.000000e+00 0.000000e+00
    outer loop
      vertex   1.770000e+02 5.250000e+01 4.375147e+01
      vertex   1.770000e+02 5.050000e+01 4.400000e+01
      vertex   1.770000e+02 5.250000e+01 4.374723e+01
    endloop
  endfacet
  facet normal 1.000000e+00 0.000000e+00 0.000000e+00
    outer loop
      vertex   1.770000e+02 5.250000e+01 4.374723e+01
      vertex   1.770000e+02 5.050000e+01 4.400000e+01
      vertex   1.770000e+02 5.250000e+01 4.374285e+01
    endloop
  endfacet
  facet normal 1.000000e+00 0.000000e+00 0.000000e+00
    outer loop
      vertex   1.770000e+02 5.250000e+01 4.339625e+01
      vertex   1.770000e+02 5.050000e+01 4.400000e+01
      vertex   1.770000e+02 5.250000e+01 4.336159e+01
    endloop
  endfacet
  facet normal -1.000000e+00 0.000000e+00 0.000000e+00
    outer loop
      vertex   1.750000e+02 5.250000e+01 4.383994e+01
      vertex   1.750000e+02 5.050000e+01 4.400000e+01
      vertex   1.750000e+02 5.250000e+01 4.400000e+01
    endloop
  endfacet
  facet normal -1.000000e+00 0.000000e+00 0.000000e+00
    outer loop
      vertex   1.750000e+02 5.250000e+01 4.383819e+01
      vertex   1.750000e+02 5.050000e+01 4.400000e+01
      vertex   1.750000e+02 5.250000e+01 4.383994e+01
    endloop
  endfacet
  facet normal -1.000000e+00 0.000000e+00 0.000000e+00
    outer loop
      vertex   1.750000e+02 5.250000e+01 4.383641e+01
      vertex   1.750000e+02 5.050000e+01 4.400000e+01
      vertex   1.750000e+02 5.250000e+01 4.383819e+01
    endloop
  endfacet
  facet normal -1.000000e+00 0.000000e+00 0.000000e+00
    outer loop
      vertex   1.750000e+02 5.250000e+01 4.383459e+01
      vertex   1.750000e+02 5.050000e+01 4.400000e+01
      vertex   1.750000e+02 5.250000e+01 4.383641e+01
    endloop
  endfacet
  facet normal -1.000000e+00 0.000000e+00 0.000000e+00
    outer loop
      vertex   1.750000e+02 5.250000e+01 4.383272e+01
      vertex   1.750000e+02 5.050000e+01 4.400000e+01
      vertex   1.750000e+02 5.250000e+01 4.383459e+01
    endloop
  endfacet
  facet normal -1.000000e+00 0.000000e+00 0.000000e+00
    outer loop
      vertex   1.750000e+02 5.250000e+01 4.383082e+01
      vertex   1.750000e+02 5.050000e+01 4.400000e+01
      vertex   1.750000e+02 5.250000e+01 4.383272e+01
    endloop
  endfacet
  facet normal -1.000000e+00 0.000000e+00 0.000000e+00
    outer loop
      vertex   1.750000e+02 5.250000e+01 4.382886e+01
      vertex   1.750000e+02 5.050000e+01 4.400000e+01
      vertex   1.750000e+02 5.250000e+01 4.383082e+01
    endloop
  endfacet
  facet normal -1.000000e+00 0.000000e+00 0.000000e+00
    outer loop
      vertex   1.750000e+02 5.250000e+01 4.382687e+01
      vertex   1.750000e+02 5.050000e+01 4.400000e+01
      vertex   1.750000e+02 5.250000e+01 4.382886e+01
    endloop
  endfacet
  facet normal -1.000000e+00 0.000000e+00 0.000000e+00
    outer loop
      vertex   1.750000e+02 5.250000e+01 4.382482e+01
      vertex   1.750000e+02 5.050000e+01 4.400000e+01
      vertex   1.750000e+02 5.250000e+01 4.382687e+01
    endloop
  endfacet
  facet normal -1.000000e+00 0.000000e+00 0.000000e+00
    outer loop
      vertex   1.750000e+02 5.250000e+01 4.382273e+01
      vertex   1.750000e+02 5.050000e+01 4.400000e+01
      vertex   1.750000e+02 5.250000e+01 4.382482e+01
    endloop
  endfacet
  facet normal -1.000000e+00 0.000000e+00 0.000000e+00
    outer loop
      vertex   1.750000e+02 5.250000e+01 4.382059e+01
      vertex   1.750000e+02 5.050000e+01 4.400000e+01
      vertex   1.750000e+02 5.250000e+01 4.382273e+01
    endloop
  endfacet
  facet normal -1.000000e+00 0.000000e+00 0.000000e+00
    outer loop
      vertex   1.750000e+02 5.250000e+01 4.381839e+01
      vertex   1.750000e+02 5.050000e+01 4.400000e+01
      vertex   1.750000e+02 5.250000e+01 4.382059e+01
    endloop
  endfacet
  facet normal -1.000000e+00 0.000000e+00 0.000000e+00
    outer loop
      vertex   1.750000e+02 5.250000e+01 4.381614e+01
      vertex   1.750000e+02 5.050000e+01 4.400000e+01
      vertex   1.750000e+02 5.250000e+01 4.381839e+01
    endloop
  endfacet
  facet normal -1.000000e+00 0.000000e+00 0.000000e+00
    outer loop
      vertex   1.750000e+02 5.250000e+01 4.381383e+01
      vertex   1.750000e+02 5.050000e+01 4.400000e+01
      vertex   1.750000e+02 5.250000e+01 4.381614e+01
    endloop
  endfacet
  facet normal -1.000000e+00 0.000000e+00 0.000000e+00
    outer loop
      vertex   1.750000e+02 5.250000e+01 4.381147e+01
      vertex   1.750000e+02 5.050000e+01 4.400000e+01
      vertex   1.750000e+02 5.250000e+01 4.381383e+01
    endloop
  endfacet
  facet normal -1.000000e+00 0.000000e+00 0.000000e+00
    outer loop
      vertex   1.750000e+02 5.250000e+01 4.380904e+01
      vertex   1.750000e+02 5.050000e+01 4.400000e+01
      vertex   1.750000e+02 5.250000e+01 4.381147e+01
    endloop
  endfacet
  facet normal -1.000000e+00 0.000000e+00 0.000000e+00
    outer loop
      vertex   1.750000e+02 5.250000e+01 4.380655e+01
      vertex   1.750000e+02 5.050000e+01 4.400000e+01
      vertex   1.750000e+02 5.250000e+01 4.380904e+01
    endloop
  endfacet
  facet normal -1.000000e+00 0.000000e+00 0.000000e+00
    outer loop
      vertex   1.750000e+02 5.250000e+01 4.380400e+01
      vertex   1.750000e+02 5.050000e+01 4.400000e+01
      vertex   1.750000e+02 5.250000e+01 4.380655e+01
    endloop
  endfacet
  facet normal -1.000000e+00 0.000000e+00 0.000000e+00
    outer loop
      vertex   1.750000e+02 5.250000e+01 4.380137e+01
      vertex   1.750000e+02 5.050000e+01 4.400000e+01
      vertex   1.750000e+02 5.250000e+01 4.380400e+01
    endloop
  endfacet
  facet normal -1.000000e+00 0.000000e+00 0.000000e+00
    outer loop
      vertex   1.750000e+02 5.250000e+01 4.379868e+01
      vertex   1.750000e+02 5.050000e+01 4.400000e+01
      vertex   1.750000e+02 5.250000e+01 4.380137e+01
    endloop
  endfacet
  facet normal -1.000000e+00 0.000000e+00 0.000000e+00
    outer loop
      vertex   1.750000e+02 5.250000e+01 4.379591e+01
      vertex   1.750000e+02 5.050000e+01 4.400000e+01
      vertex   1.750000e+02 5.250000e+01 4.379868e+01
    endloop
  endfacet
  facet normal -1.000000e+00 0.000000e+00 0.000000e+00
    outer loop
      vertex   1.750000e+02 5.250000e+01 4.379306e+01
      vertex   1.750000e+02 5.050000e+01 4.400000e+01
      vertex   1.750000e+02 5.250000e+01 4.379591e+01
    endloop
  endfacet
  facet normal -1.000000e+00 0.000000e+00 0.000000e+00
    outer loop
      vertex   1.750000e+02 5.250000e+01 4.379014e+01
      vertex   1.750000e+02 5.050000e+01 4.400000e+01
      vertex   1.750000e+02 5.250000e+01 4.379306e+01
    endloop
  endfacet
  facet normal -1.000000e+00 0.000000e+00 0.000000e+00
    outer loop
      vertex   1.750000e+02 5.250000e+01 4.378712e+01
      vertex   1.750000e+02 5.050000e+01 4.400000e+01
      vertex   1.750000e+02 5.250000e+01 4.379014e+01
    endloop
  endfacet
  facet normal -1.000000e+00 0.000000e+00 0.000000e+00
    outer loop
      vertex   1.750000e+02 5.250000e+01 4.378402e+01
      vertex   1.750000e+02 5.050000e+01 4.400000e+01
      vertex   1.750000e+02 5.250000e+01 4.378712e+01
    endloop
  endfacet
  facet normal -1.000000e+00 0.000000e+00 0.000000e+00
    outer loop
      vertex   1.750000e+02 5.250000e+01 4.378083e+01
      vertex   1.750000e+02 5.050000e+01 4.400000e+01
      vertex   1.750000e+02 5.250000e+01 4.378402e+01
    endloop
  endfacet
  facet normal -1.000000e+00 0.000000e+00 0.000000e+00
    outer loop
      vertex   1.750000e+02 5.250000e+01 4.377755e+01
      vertex   1.750000e+02 5.050000e+01 4.400000e+01
      vertex   1.750000e+02 5.250000e+01 4.378083e+01
    endloop
  endfacet
  facet normal -1.000000e+00 0.000000e+00 0.000000e+00
    outer loop
      vertex   1.750000e+02 5.250000e+01 4.377416e+01
      vertex   1.750000e+02 5.050000e+01 4.400000e+01
      vertex   1.750000e+02 5.250000e+01 4.377755e+01
    endloop
  endfacet
  facet normal -1.000000e+00 0.000000e+00 0.000000e+00
    outer loop
      vertex   1.750000e+02 5.250000e+01 4.377067e+01
      vertex   1.750000e+02 5.050000e+01 4.400000e+01
      vertex   1.750000e+02 5.250000e+01 4.377416e+01
    endloop
  endfacet
  facet normal -1.000000e+00 0.000000e+00 0.000000e+00
    outer loop
      vertex   1.750000e+02 5.250000e+01 4.376707e+01
      vertex   1.750000e+02 5.050000e+01 4.400000e+01
      vertex   1.750000e+02 5.250000e+01 4.377067e+01
    endloop
  endfacet
  facet normal -1.000000e+00 0.000000e+00 0.000000e+00
    outer loop
      vertex   1.750000e+02 5.250000e+01 4.376336e+01
      vertex   1.750000e+02 5.050000e+01 4.400000e+01
      vertex   1.750000e+02 5.250000e+01 4.376707e+01
    endloop
  endfacet
  facet normal -1.000000e+00 0.000000e+00 0.000000e+00
    outer loop
      vertex   1.750000e+02 5.250000e+01 4.375952e+01
      vertex   1.750000e+02 5.050000e+01 4.400000e+01
      vertex   1.750000e+02 5.250000e+01 4.376336e+01
    endloop
  endfacet
  facet normal -1.000000e+00 0.000000e+00 0.000000e+00
    outer loop
      vertex   1.750000e+02 5.250000e+01 4.375556e+01
      vertex   1.750000e+02 5.050000e+01 4.400000e+01
      vertex   1.750000e+02 5.250000e+01 4.375952e+01
    endloop
  endfacet
  facet normal -1.000000e+00 0.000000e+00 0.000000e+00
    outer loop
      vertex   1.750000e+02 5.250000e+01 4.375147e+01
      vertex   1.750000e+02 5.050000e+01 4.400000e+01
      vertex   1.750000e+02 5.250000e+01 4.375556e+01
    endloop
  endfacet
  facet normal -1.000000e+00 0.000000e+00 0.000000e+00
    outer loop
      vertex   1.750000e+02 5.250000e+01 4.374723e+01
      vertex   1.750000e+02 5.050000e+01 4.400000e+01
      vertex   1.750000e+02 5.250000e+01 4.375147e+01
    endloop
  endfacet
  facet normal -1.000000e+00 0.000000e+00 0.000000e+00
    outer loop
      vertex   1.750000e+02 5.250000e+01 4.374285e+01
      vertex   1.750000e+02 5.050000e+01 4.400000e+01
      vertex   1.750000e+02 5.250000e+01 4.374723e+01
    endloop
  endfacet
  facet normal -1.000000e+00 -0.000000e+00 0.000000e+00
    outer loop
      vertex   1.750000e+02 5.250000e+01 9.213066e-01
      vertex   1.750000e+02 5.050000e+01 3.814697e-06
      vertex   1.750000e+02 5.250000e+01 1.267912e+00
    endloop
  endfacet
  facet normal -1.000000e+00 -0.000000e+00 0.000000e+00
    outer loop
      vertex   1.750000e+02 5.250000e+01 8.866463e-01
      vertex   1.750000e+02 5.050000e+01 3.814697e-06
      vertex   1.750000e+02 5.250000e+01 9.213066e-01
    endloop
  endfacet
  facet normal -1.000000e+00 -0.000000e+00 0.000000e+00
    outer loop
      vertex   1.750000e+02 5.250000e+01 5.400410e-01
      vertex   1.750000e+02 5.050000e+01 3.814697e-06
      vertex   1.750000e+02 5.250000e+01 8.866463e-01
    endloop
  endfacet
  facet normal -1.000000e+00 0.000000e+00 0.000000e+00
    outer loop
      vertex   1.750000e+02 5.250000e+01 3.814697e-06
      vertex   1.750000e+02 5.050000e+01 3.814697e-06
      vertex   1.750000e+02 5.250000e+01 5.400410e-01
    endloop
  endfacet
  facet normal 0.000000e+00 -1.000000e+00 0.000000e+00
    outer loop
      vertex   1.750000e+02 5.050000e+01 4.400000e+01
      vertex   1.770000e+02 5.050000e+01 1.500004e+00
      vertex   1.770000e+02 5.050000e+01 4.400000e+01
    endloop
  endfacet
  facet normal 0.000000e+00 -1.000000e+00 0.000000e+00
    outer loop
      vertex   1.750000e+02 5.050000e+01 3.814697e-06
      vertex   1.770000e+02 5.050000e+01 1.500004e+00
      vertex   1.750000e+02 5.050000e+01 4.400000e+01
    endloop
  endfacet
  facet normal 0.000000e+00 -1.000000e+00 0.000000e+00
    outer loop
      vertex   1.755000e+02 5.050000e+01 3.814697e-06
      vertex   1.770000e+02 5.050000e+01 1.500004e+00
      vertex   1.750000e+02 5.050000e+01 3.814697e-06
    endloop
  endfacet
  facet normal 0.000000e+00 -1.000000e+00 0.000000e+00
    outer loop
      vertex   1.755000e+02 5.050000e+01 3.814697e-06
      vertex   1.769063e+02 5.050000e+01 8.437538e-01
      vertex   1.770000e+02 5.050000e+01 1.500004e+00
    endloop
  endfacet
  facet normal -0.000000e+00 -1.000000e+00 0.000000e+00
    outer loop
      vertex   1.761563e+02 5.050000e+01 9.375382e-02
      vertex   1.769063e+02 5.050000e+01 8.437538e-01
      vertex   1.755000e+02 5.050000e+01 3.814697e-06
    endloop
  endfacet
  facet normal -0.000000e+00 0.000000e+00 1.000000e+00
    outer loop
      vertex   1.750000e+02 5.250000e+01 4.400000e+01
      vertex   1.750000e+02 5.050000e+01 4.400000e+01
      vertex   1.750400e+02 5.250000e+01 4.400000e+01
    endloop
  endfacet
  facet normal 9.899293e-01 0.000000e+00 -1.415623e-01
    outer loop
      vertex   1.770000e+02 5.250000e+01 1.500004e+00
      vertex   1.770000e+02 5.050000e+01 1.500004e+00
      vertex   1.769981e+02 5.250000e+01 1.486879e+00
    endloop
  endfacet
  facet normal 8.574160e-01 0.000000e+00 -5.146240e-01
    outer loop
      vertex   1.769063e+02 5.250000e+01 8.437538e-01
      vertex   1.769063e+02 5.050000e+01 8.437538e-01
      vertex   1.769006e+02 5.250000e+01 8.343792e-01
    endloop
  endfacet
  facet normal 5.144188e-01 0.000000e+00 -8.575391e-01
    outer loop
      vertex   1.766250e+02 5.250000e+01 3.750038e-01
      vertex   1.766250e+02 5.050000e+01 3.750038e-01
      vertex   1.766156e+02 5.250000e+01 3.693790e-01
    endloop
  endfacet
  facet normal 1.414012e-01 0.000000e+00 -9.899524e-01
    outer loop
      vertex   1.761563e+02 5.250000e+01 9.375382e-02
      vertex   1.761563e+02 5.050000e+01 9.375382e-02
      vertex   1.761431e+02 5.250000e+01 9.187889e-02
    endloop
  endfacet
  facet normal -1.000000e+00 0.000000e+00 0.000000e+00
    outer loop
      vertex   7.299999e+01 5.250000e+01 1.800009e+00
      vertex   7.299999e+01 5.050000e+01 1.800009e+00
      vertex   7.299999e+01 5.250000e+01 1.864008e+00
    endloop
  endfacet
  facet normal -0.000000e+00 0.000000e+00 -1.000000e+00
    outer loop
      vertex   7.309999e+01 5.250000e+01 1.800009e+00
      vertex   7.299999e+01 5.050000e+01 1.800009e+00
      vertex   7.299999e+01 5.250000e+01 1.800009e+00
    endloop
  endfacet
  facet normal 1.000000e+00 0.000000e+00 0.000000e+00
    outer loop
      vertex   7.799999e+01 5.250000e+01 2.000006e+00
      vertex   7.799999e+01 5.050000e+01 2.000006e+00
      vertex   7.799999e+01 5.250000e+01 1.996006e+00
    endloop
  endfacet
  facet normal 0.000000e+00 -1.000000e+00 0.000000e+00
    outer loop
      vertex   7.299999e+01 5.050000e+01 1.800009e+00
      vertex   7.607163e+01 5.050000e+01 2.701872e+00
      vertex   7.570187e+01 5.050000e+01 3.071642e+00
    endloop
  endfacet
  facet normal -0.000000e+00 0.000000e+00 1.000000e+00
    outer loop
      vertex   7.299999e+01 5.250000e+01 5.000008e+00
      vertex   7.299999e+01 5.050000e+01 5.000008e+00
      vertex   7.303999e+01 5.250000e+01 5.000008e+00
    endloop
  endfacet
  facet normal 0.000000e+00 -1.000000e+00 0.000000e+00
    outer loop
      vertex   7.299999e+01 5.050000e+01 1.800009e+00
      vertex   7.500000e+01 5.050000e+01 5.000008e+00
      vertex   7.299999e+01 5.050000e+01 5.000008e+00
    endloop
  endfacet
  facet normal 0.000000e+00 -1.000000e+00 0.000000e+00
    outer loop
      vertex   7.299999e+01 5.050000e+01 1.800009e+00
      vertex   7.504558e+01 5.050000e+01 4.479061e+00
      vertex   7.500000e+01 5.050000e+01 5.000008e+00
    endloop
  endfacet
  facet normal 0.000000e+00 -1.000000e+00 0.000000e+00
    outer loop
      vertex   7.299999e+01 5.050000e+01 1.800009e+00
      vertex   7.518092e+01 5.050000e+01 3.973944e+00
      vertex   7.504558e+01 5.050000e+01 4.479061e+00
    endloop
  endfacet
  facet normal 0.000000e+00 -1.000000e+00 0.000000e+00
    outer loop
      vertex   7.299999e+01 5.050000e+01 1.800009e+00
      vertex   7.540193e+01 5.050000e+01 3.500006e+00
      vertex   7.518092e+01 5.050000e+01 3.973944e+00
    endloop
  endfacet
  facet normal 0.000000e+00 -1.000000e+00 0.000000e+00
    outer loop
      vertex   7.299999e+01 5.050000e+01 1.800009e+00
      vertex   7.570187e+01 5.050000e+01 3.071642e+00
      vertex   7.540193e+01 5.050000e+01 3.500006e+00
    endloop
  endfacet
  facet normal 0.000000e+00 -1.000000e+00 -0.000000e+00
    outer loop
      vertex   7.799999e+01 5.050000e+01 2.000006e+00
      vertex   7.299999e+01 5.050000e+01 1.800009e+00
      vertex   7.799999e+01 5.050000e+01 1.800009e+00
    endloop
  endfacet
  facet normal 0.000000e+00 -1.000000e+00 -0.000000e+00
    outer loop
      vertex   7.747906e+01 5.050000e+01 2.045584e+00
      vertex   7.299999e+01 5.050000e+01 1.800009e+00
      vertex   7.799999e+01 5.050000e+01 2.000006e+00
    endloop
  endfacet
  facet normal 0.000000e+00 -1.000000e+00 -0.000000e+00
    outer loop
      vertex   7.697394e+01 5.050000e+01 2.180929e+00
      vertex   7.299999e+01 5.050000e+01 1.800009e+00
      vertex   7.747906e+01 5.050000e+01 2.045584e+00
    endloop
  endfacet
  facet normal 0.000000e+00 -1.000000e+00 -0.000000e+00
    outer loop
      vertex   7.650000e+01 5.050000e+01 2.401930e+00
      vertex   7.299999e+01 5.050000e+01 1.800009e+00
      vertex   7.697394e+01 5.050000e+01 2.180929e+00
    endloop
  endfacet
  facet normal 0.000000e+00 -1.000000e+00 -0.000000e+00
    outer loop
      vertex   7.607163e+01 5.050000e+01 2.701872e+00
      vertex   7.299999e+01 5.050000e+01 1.800009e+00
      vertex   7.650000e+01 5.050000e+01 2.401930e+00
    endloop
  endfacet
  facet normal 8.718053e-02 0.000000e+00 9.961925e-01
    outer loop
      vertex   7.747906e+01 5.250000e+01 2.045584e+00
      vertex   7.747906e+01 5.050000e+01 2.045584e+00
      vertex   7.748948e+01 5.250000e+01 2.044672e+00
    endloop
  endfacet
  facet normal 2.588090e-01 0.000000e+00 9.659285e-01
    outer loop
      vertex   7.697394e+01 5.250000e+01 2.180929e+00
      vertex   7.697394e+01 5.050000e+01 2.180929e+00
      vertex   7.698404e+01 5.250000e+01 2.178223e+00
    endloop
  endfacet
  facet normal 4.225360e-01 0.000000e+00 9.063461e-01
    outer loop
      vertex   7.650000e+01 5.250000e+01 2.401930e+00
      vertex   7.650000e+01 5.050000e+01 2.401930e+00
      vertex   7.650948e+01 5.250000e+01 2.397511e+00
    endloop
  endfacet
  facet normal 5.735358e-01 0.000000e+00 8.191805e-01
    outer loop
      vertex   7.607163e+01 5.250000e+01 2.701872e+00
      vertex   7.607163e+01 5.050000e+01 2.701872e+00
      vertex   7.608020e+01 5.250000e+01 2.695873e+00
    endloop
  endfacet
  facet normal 7.070156e-01 0.000000e+00 7.071980e-01
    outer loop
      vertex   7.570187e+01 5.250000e+01 3.071642e+00
      vertex   7.570187e+01 5.050000e+01 3.071642e+00
      vertex   7.570926e+01 5.250000e+01 3.064247e+00
    endloop
  endfacet
  facet normal 8.190948e-01 0.000000e+00 5.736581e-01
    outer loop
      vertex   7.540193e+01 5.250000e+01 3.500006e+00
      vertex   7.540193e+01 5.050000e+01 3.500006e+00
      vertex   7.540793e+01 5.250000e+01 3.491438e+00
    endloop
  endfacet
  facet normal 9.062437e-01 0.000000e+00 4.227557e-01
    outer loop
      vertex   7.518092e+01 5.250000e+01 3.973944e+00
      vertex   7.518092e+01 5.050000e+01 3.973944e+00
      vertex   7.518535e+01 5.250000e+01 3.964466e+00
    endloop
  endfacet
  facet normal 9.658829e-01 0.000000e+00 2.589792e-01
    outer loop
      vertex   7.504558e+01 5.250000e+01 4.479061e+00
      vertex   7.504558e+01 5.050000e+01 4.479061e+00
      vertex   7.504829e+01 5.250000e+01 4.468960e+00
    endloop
  endfacet
  facet normal 9.961925e-01 0.000000e+00 8.718053e-02
    outer loop
      vertex   7.500000e+01 5.250000e+01 5.000008e+00
      vertex   7.500000e+01 5.050000e+01 5.000008e+00
      vertex   7.500091e+01 5.250000e+01 4.989590e+00
    endloop
  endfacet
  facet normal -0.000000e+00 0.000000e+00 -1.000000e+00
    outer loop
      vertex   1.721000e+02 5.250000e+01 1.800009e+00
      vertex   1.720000e+02 5.050000e+01 1.800009e+00
      vertex   1.720000e+02 5.250000e+01 1.800009e+00
    endloop
  endfacet
  facet normal 0.000000e+00 -1.000000e+00 0.000000e+00
    outer loop
      vertex   1.739284e+02 5.050000e+01 2.701872e+00
      vertex   1.770000e+02 5.050000e+01 1.800009e+00
      vertex   1.742981e+02 5.050000e+01 3.071644e+00
    endloop
  endfacet
  facet normal -8.718053e-02 0.000000e+00 9.961925e-01
    outer loop
      vertex   1.725105e+02 5.250000e+01 2.044670e+00
      vertex   1.725210e+02 5.050000e+01 2.045582e+00
      vertex   1.725210e+02 5.250000e+01 2.045582e+00
    endloop
  endfacet
  facet normal -2.588090e-01 0.000000e+00 9.659285e-01
    outer loop
      vertex   1.730160e+02 5.250000e+01 2.178221e+00
      vertex   1.730261e+02 5.050000e+01 2.180927e+00
      vertex   1.730261e+02 5.250000e+01 2.180927e+00
    endloop
  endfacet
  facet normal -4.225360e-01 0.000000e+00 9.063461e-01
    outer loop
      vertex   1.734905e+02 5.250000e+01 2.397511e+00
      vertex   1.735000e+02 5.050000e+01 2.401930e+00
      vertex   1.735000e+02 5.250000e+01 2.401930e+00
    endloop
  endfacet
  facet normal -5.735358e-01 0.000000e+00 8.191805e-01
    outer loop
      vertex   1.739198e+02 5.250000e+01 2.695873e+00
      vertex   1.739284e+02 5.050000e+01 2.701872e+00
      vertex   1.739284e+02 5.250000e+01 2.701872e+00
    endloop
  endfacet
  facet normal -7.070156e-01 0.000000e+00 7.071980e-01
    outer loop
      vertex   1.742907e+02 5.250000e+01 3.064249e+00
      vertex   1.742981e+02 5.050000e+01 3.071644e+00
      vertex   1.742981e+02 5.250000e+01 3.071644e+00
    endloop
  endfacet
  facet normal -8.190948e-01 0.000000e+00 5.736581e-01
    outer loop
      vertex   1.745921e+02 5.250000e+01 3.491438e+00
      vertex   1.745981e+02 5.050000e+01 3.500006e+00
      vertex   1.745981e+02 5.250000e+01 3.500006e+00
    endloop
  endfacet
  facet normal -9.062437e-01 0.000000e+00 4.227557e-01
    outer loop
      vertex   1.748147e+02 5.250000e+01 3.964468e+00
      vertex   1.748191e+02 5.050000e+01 3.973946e+00
      vertex   1.748191e+02 5.250000e+01 3.973946e+00
    endloop
  endfacet
  facet normal -9.658829e-01 0.000000e+00 2.589792e-01
    outer loop
      vertex   1.749517e+02 5.250000e+01 4.468960e+00
      vertex   1.749544e+02 5.050000e+01 4.479061e+00
      vertex   1.749544e+02 5.250000e+01 4.479061e+00
    endloop
  endfacet
  facet normal -9.961925e-01 0.000000e+00 8.718053e-02
    outer loop
      vertex   1.749991e+02 5.250000e+01 4.989592e+00
      vertex   1.750000e+02 5.050000e+01 5.000010e+00
      vertex   1.750000e+02 5.250000e+01 5.000010e+00
    endloop
  endfacet
  facet normal 1.000000e+00 0.000000e+00 0.000000e+00
    outer loop
      vertex   1.770000e+02 5.250000e+01 1.864008e+00
      vertex   1.770000e+02 5.050000e+01 1.800009e+00
      vertex   1.770000e+02 5.250000e+01 1.800009e+00
    endloop
  endfacet
  facet normal -0.000000e+00 0.000000e+00 1.000000e+00
    outer loop
      vertex   1.769600e+02 5.250000e+01 5.000010e+00
      vertex   1.770000e+02 5.050000e+01 5.000010e+00
      vertex   1.770000e+02 5.250000e+01 5.000010e+00
    endloop
  endfacet
  facet normal -1.000000e+00 0.000000e+00 0.000000e+00
    outer loop
      vertex   1.720000e+02 5.250000e+01 1.996006e+00
      vertex   1.720000e+02 5.050000e+01 2.000006e+00
      vertex   1.720000e+02 5.250000e+01 2.000006e+00
    endloop
  endfacet
  facet normal 0.000000e+00 -1.000000e+00 0.000000e+00
    outer loop
      vertex   1.750000e+02 5.050000e+01 5.000010e+00
      vertex   1.770000e+02 5.050000e+01 1.800009e+00
      vertex   1.770000e+02 5.050000e+01 5.000010e+00
    endloop
  endfacet
  facet normal 0.000000e+00 -1.000000e+00 0.000000e+00
    outer loop
      vertex   1.749544e+02 5.050000e+01 4.479061e+00
      vertex   1.770000e+02 5.050000e+01 1.800009e+00
      vertex   1.750000e+02 5.050000e+01 5.000010e+00
    endloop
  endfacet
  facet normal 0.000000e+00 -1.000000e+00 0.000000e+00
    outer loop
      vertex   1.748191e+02 5.050000e+01 3.973946e+00
      vertex   1.770000e+02 5.050000e+01 1.800009e+00
      vertex   1.749544e+02 5.050000e+01 4.479061e+00
    endloop
  endfacet
  facet normal 0.000000e+00 -1.000000e+00 0.000000e+00
    outer loop
      vertex   1.745981e+02 5.050000e+01 3.500006e+00
      vertex   1.770000e+02 5.050000e+01 1.800009e+00
      vertex   1.748191e+02 5.050000e+01 3.973946e+00
    endloop
  endfacet
  facet normal 0.000000e+00 -1.000000e+00 0.000000e+00
    outer loop
      vertex   1.742981e+02 5.050000e+01 3.071644e+00
      vertex   1.770000e+02 5.050000e+01 1.800009e+00
      vertex   1.745981e+02 5.050000e+01 3.500006e+00
    endloop
  endfacet
  facet normal 0.000000e+00 -1.000000e+00 0.000000e+00
    outer loop
      vertex   1.770000e+02 5.050000e+01 1.800009e+00
      vertex   1.720000e+02 5.050000e+01 2.000006e+00
      vertex   1.720000e+02 5.050000e+01 1.800009e+00
    endloop
  endfacet
  facet normal 0.000000e+00 -1.000000e+00 0.000000e+00
    outer loop
      vertex   1.770000e+02 5.050000e+01 1.800009e+00
      vertex   1.725210e+02 5.050000e+01 2.045582e+00
      vertex   1.720000e+02 5.050000e+01 2.000006e+00
    endloop
  endfacet
  facet normal 0.000000e+00 -1.000000e+00 0.000000e+00
    outer loop
      vertex   1.770000e+02 5.050000e+01 1.800009e+00
      vertex   1.730261e+02 5.050000e+01 2.180927e+00
      vertex   1.725210e+02 5.050000e+01 2.045582e+00
    endloop
  endfacet
  facet normal 0.000000e+00 -1.000000e+00 0.000000e+00
    outer loop
      vertex   1.770000e+02 5.050000e+01 1.800009e+00
      vertex   1.735000e+02 5.050000e+01 2.401930e+00
      vertex   1.730261e+02 5.050000e+01 2.180927e+00
    endloop
  endfacet
  facet normal 0.000000e+00 -1.000000e+00 0.000000e+00
    outer loop
      vertex   1.770000e+02 5.050000e+01 1.800009e+00
      vertex   1.739284e+02 5.050000e+01 2.701872e+00
      vertex   1.735000e+02 5.050000e+01 2.401930e+00
    endloop
  endfacet
  facet normal 1.000000e+00 0.000000e+00 0.000000e+00
    outer loop
      vertex   7.500000e+01 5.250000e+01 4.374724e+01
      vertex   7.500000e+01 5.050000e+01 4.400001e+01
      vertex   7.500000e+01 5.250000e+01 4.374286e+01
    endloop
  endfacet
  facet normal -1.000000e+00 0.000000e+00 0.000000e+00
    outer loop
      vertex   7.300000e+01 5.250000e+01 4.339626e+01
      vertex   7.300000e+01 5.050000e+01 4.400001e+01
      vertex   7.300000e+01 5.250000e+01 4.374286e+01
    endloop
  endfacet
  facet normal 0.000000e+00 -1.000000e+00 0.000000e+00
    outer loop
      vertex   7.384376e+01 5.050000e+01 9.376145e-02
      vertex   7.309376e+01 5.050000e+01 8.437615e-01
      vertex   7.337501e+01 5.050000e+01 3.750114e-01
    endloop
  endfacet
  facet normal -0.000000e+00 -0.000000e+00 -1.000000e+00
    outer loop
      vertex   7.500001e+01 5.250000e+01 1.144409e-05
      vertex   7.500001e+01 5.050000e+01 1.144409e-05
      vertex   7.499001e+01 5.250000e+01 1.144409e-05
    endloop
  endfacet
  facet normal -9.899293e-01 -0.000000e+00 -1.415623e-01
    outer loop
      vertex   7.309376e+01 5.250000e+01 8.437615e-01
      vertex   7.309376e+01 5.050000e+01 8.437615e-01
      vertex   7.309188e+01 5.250000e+01 8.568859e-01
    endloop
  endfacet
  facet normal -8.574160e-01 -0.000000e+00 -5.146240e-01
    outer loop
      vertex   7.337501e+01 5.250000e+01 3.750114e-01
      vertex   7.337501e+01 5.050000e+01 3.750114e-01
      vertex   7.336938e+01 5.250000e+01 3.843861e-01
    endloop
  endfacet
  facet normal -5.144188e-01 -0.000000e+00 -8.575391e-01
    outer loop
      vertex   7.384376e+01 5.250000e+01 9.376145e-02
      vertex   7.384376e+01 5.050000e+01 9.376145e-02
      vertex   7.383438e+01 5.250000e+01 9.938622e-02
    endloop
  endfacet
  facet normal -1.414012e-01 -0.000000e+00 -9.899524e-01
    outer loop
      vertex   7.450001e+01 5.250000e+01 1.144409e-05
      vertex   7.450001e+01 5.050000e+01 1.144409e-05
      vertex   7.448688e+01 5.250000e+01 1.886368e-03
    endloop
  endfacet
  facet normal 1.000000e+00 0.000000e+00 0.000000e+00
    outer loop
      vertex   7.500000e+01 5.250000e+01 4.400001e+01
      vertex   7.500000e+01 5.050000e+01 4.400001e+01
      vertex   7.500000e+01 5.250000e+01 4.383995e+01
    endloop
  endfacet
  facet normal 1.000000e+00 0.000000e+00 0.000000e+00
    outer loop
      vertex   7.500000e+01 5.250000e+01 4.383995e+01
      vertex   7.500000e+01 5.050000e+01 4.400001e+01
      vertex   7.500000e+01 5.250000e+01 4.383820e+01
    endloop
  endfacet
  facet normal 1.000000e+00 0.000000e+00 0.000000e+00
    outer loop
      vertex   7.500001e+01 5.250000e+01 3.361569e-01
      vertex   7.500001e+01 5.050000e+01 1.144409e-05
      vertex   7.500001e+01 5.250000e+01 1.144409e-05
    endloop
  endfacet
  facet normal 1.000000e+00 0.000000e+00 0.000000e+00
    outer loop
      vertex   7.500001e+01 5.250000e+01 3.398228e-01
      vertex   7.500001e+01 5.050000e+01 1.144409e-05
      vertex   7.500001e+01 5.250000e+01 3.361569e-01
    endloop
  endfacet
  facet normal 1.000000e+00 0.000000e+00 0.000000e+00
    outer loop
      vertex   7.500001e+01 5.250000e+01 3.435688e-01
      vertex   7.500001e+01 5.050000e+01 1.144409e-05
      vertex   7.500001e+01 5.250000e+01 3.398228e-01
    endloop
  endfacet
  facet normal 1.000000e+00 0.000000e+00 0.000000e+00
    outer loop
      vertex   7.500001e+01 5.250000e+01 3.473988e-01
      vertex   7.500001e+01 5.050000e+01 1.144409e-05
      vertex   7.500001e+01 5.250000e+01 3.435688e-01
    endloop
  endfacet
  facet normal 1.000000e+00 0.000000e+00 0.000000e+00
    outer loop
      vertex   7.500001e+01 5.250000e+01 3.513145e-01
      vertex   7.500001e+01 5.050000e+01 1.144409e-05
      vertex   7.500001e+01 5.250000e+01 3.473988e-01
    endloop
  endfacet
  facet normal 1.000000e+00 0.000000e+00 0.000000e+00
    outer loop
      vertex   7.500001e+01 5.250000e+01 3.553200e-01
      vertex   7.500001e+01 5.050000e+01 1.144409e-05
      vertex   7.500001e+01 5.250000e+01 3.513145e-01
    endloop
  endfacet
  facet normal 1.000000e+00 0.000000e+00 0.000000e+00
    outer loop
      vertex   7.500001e+01 5.250000e+01 3.594189e-01
      vertex   7.500001e+01 5.050000e+01 1.144409e-05
      vertex   7.500001e+01 5.250000e+01 3.553200e-01
    endloop
  endfacet
  facet normal 1.000000e+00 0.000000e+00 0.000000e+00
    outer loop
      vertex   7.500001e+01 5.250000e+01 3.636131e-01
      vertex   7.500001e+01 5.050000e+01 1.144409e-05
      vertex   7.500001e+01 5.250000e+01 3.594189e-01
    endloop
  endfacet
  facet normal 1.000000e+00 0.000000e+00 0.000000e+00
    outer loop
      vertex   7.500001e+01 5.250000e+01 3.679047e-01
      vertex   7.500001e+01 5.050000e+01 1.144409e-05
      vertex   7.500001e+01 5.250000e+01 3.636131e-01
    endloop
  endfacet
  facet normal 1.000000e+00 0.000000e+00 0.000000e+00
    outer loop
      vertex   7.500001e+01 5.250000e+01 3.723011e-01
      vertex   7.500001e+01 5.050000e+01 1.144409e-05
      vertex   7.500001e+01 5.250000e+01 3.679047e-01
    endloop
  endfacet
  facet normal 1.000000e+00 0.000000e+00 0.000000e+00
    outer loop
      vertex   7.500001e+01 5.250000e+01 3.768025e-01
      vertex   7.500001e+01 5.050000e+01 1.144409e-05
      vertex   7.500001e+01 5.250000e+01 3.723011e-01
    endloop
  endfacet
  facet normal 1.000000e+00 0.000000e+00 0.000000e+00
    outer loop
      vertex   7.500001e+01 5.250000e+01 3.814144e-01
      vertex   7.500001e+01 5.050000e+01 1.144409e-05
      vertex   7.500001e+01 5.250000e+01 3.768025e-01
    endloop
  endfacet
  facet normal 1.000000e+00 0.000000e+00 0.000000e+00
    outer loop
      vertex   7.500001e+01 5.250000e+01 3.861389e-01
      vertex   7.500001e+01 5.050000e+01 1.144409e-05
      vertex   7.500001e+01 5.250000e+01 3.814144e-01
    endloop
  endfacet
  facet normal 1.000000e+00 0.000000e+00 0.000000e+00
    outer loop
      vertex   7.500001e+01 5.250000e+01 3.909836e-01
      vertex   7.500001e+01 5.050000e+01 1.144409e-05
      vertex   7.500001e+01 5.250000e+01 3.861389e-01
    endloop
  endfacet
  facet normal 1.000000e+00 0.000000e+00 0.000000e+00
    outer loop
      vertex   7.500001e+01 5.250000e+01 3.959522e-01
      vertex   7.500001e+01 5.050000e+01 1.144409e-05
      vertex   7.500001e+01 5.250000e+01 3.909836e-01
    endloop
  endfacet
  facet normal 1.000000e+00 0.000000e+00 0.000000e+00
    outer loop
      vertex   7.500001e+01 5.250000e+01 4.010468e-01
      vertex   7.500001e+01 5.050000e+01 1.144409e-05
      vertex   7.500001e+01 5.250000e+01 3.959522e-01
    endloop
  endfacet
  facet normal 1.000000e+00 0.000000e+00 0.000000e+00
    outer loop
      vertex   7.500001e+01 5.250000e+01 4.062767e-01
      vertex   7.500001e+01 5.050000e+01 1.144409e-05
      vertex   7.500001e+01 5.250000e+01 4.010468e-01
    endloop
  endfacet
  facet normal 1.000000e+00 0.000000e+00 0.000000e+00
    outer loop
      vertex   7.500001e+01 5.250000e+01 4.116421e-01
      vertex   7.500001e+01 5.050000e+01 1.144409e-05
      vertex   7.500001e+01 5.250000e+01 4.062767e-01
    endloop
  endfacet
  facet normal 1.000000e+00 0.000000e+00 0.000000e+00
    outer loop
      vertex   7.500001e+01 5.250000e+01 4.171524e-01
      vertex   7.500001e+01 5.050000e+01 1.144409e-05
      vertex   7.500001e+01 5.250000e+01 4.116421e-01
    endloop
  endfacet
  facet normal 1.000000e+00 0.000000e+00 0.000000e+00
    outer loop
      vertex   7.500001e+01 5.250000e+01 4.228134e-01
      vertex   7.500001e+01 5.050000e+01 1.144409e-05
      vertex   7.500001e+01 5.250000e+01 4.171524e-01
    endloop
  endfacet
  facet normal 1.000000e+00 0.000000e+00 0.000000e+00
    outer loop
      vertex   7.500001e+01 5.250000e+01 4.286289e-01
      vertex   7.500001e+01 5.050000e+01 1.144409e-05
      vertex   7.500001e+01 5.250000e+01 4.228134e-01
    endloop
  endfacet
  facet normal 1.000000e+00 0.000000e+00 0.000000e+00
    outer loop
      vertex   7.500001e+01 5.250000e+01 4.346066e-01
      vertex   7.500001e+01 5.050000e+01 1.144409e-05
      vertex   7.500001e+01 5.250000e+01 4.286289e-01
    endloop
  endfacet
  facet normal 1.000000e+00 0.000000e+00 0.000000e+00
    outer loop
      vertex   7.500001e+01 5.250000e+01 4.407520e-01
      vertex   7.500001e+01 5.050000e+01 1.144409e-05
      vertex   7.500001e+01 5.250000e+01 4.346066e-01
    endloop
  endfacet
  facet normal 1.000000e+00 0.000000e+00 0.000000e+00
    outer loop
      vertex   7.500001e+01 5.250000e+01 4.470749e-01
      vertex   7.500001e+01 5.050000e+01 1.144409e-05
      vertex   7.500001e+01 5.250000e+01 4.407520e-01
    endloop
  endfacet
  facet normal 1.000000e+00 0.000000e+00 0.000000e+00
    outer loop
      vertex   7.500001e+01 5.250000e+01 4.535828e-01
      vertex   7.500001e+01 5.050000e+01 1.144409e-05
      vertex   7.500001e+01 5.250000e+01 4.470749e-01
    endloop
  endfacet
  facet normal 1.000000e+00 0.000000e+00 0.000000e+00
    outer loop
      vertex   7.500001e+01 5.250000e+01 4.602833e-01
      vertex   7.500001e+01 5.050000e+01 1.144409e-05
      vertex   7.500001e+01 5.250000e+01 4.535828e-01
    endloop
  endfacet
  facet normal 1.000000e+00 0.000000e+00 0.000000e+00
    outer loop
      vertex   7.500001e+01 5.250000e+01 4.671822e-01
      vertex   7.500001e+01 5.050000e+01 1.144409e-05
      vertex   7.500001e+01 5.250000e+01 4.602833e-01
    endloop
  endfacet
  facet normal 1.000000e+00 0.000000e+00 0.000000e+00
    outer loop
      vertex   7.500001e+01 5.250000e+01 4.742928e-01
      vertex   7.500001e+01 5.050000e+01 1.144409e-05
      vertex   7.500001e+01 5.250000e+01 4.671822e-01
    endloop
  endfacet
  facet normal 1.000000e+00 0.000000e+00 0.000000e+00
    outer loop
      vertex   7.500001e+01 5.250000e+01 4.816227e-01
      vertex   7.500001e+01 5.050000e+01 1.144409e-05
      vertex   7.500001e+01 5.250000e+01 4.742928e-01
    endloop
  endfacet
  facet normal 1.000000e+00 0.000000e+00 0.000000e+00
    outer loop
      vertex   7.500001e+01 5.250000e+01 4.891834e-01
      vertex   7.500001e+01 5.050000e+01 1.144409e-05
      vertex   7.500001e+01 5.250000e+01 4.816227e-01
    endloop
  endfacet
  facet normal 1.000000e+00 0.000000e+00 0.000000e+00
    outer loop
      vertex   7.500001e+01 5.250000e+01 4.969845e-01
      vertex   7.500001e+01 5.050000e+01 1.144409e-05
      vertex   7.500001e+01 5.250000e+01 4.891834e-01
    endloop
  endfacet
  facet normal 1.000000e+00 0.000000e+00 0.000000e+00
    outer loop
      vertex   7.500001e+01 5.250000e+01 5.050392e-01
      vertex   7.500001e+01 5.050000e+01 1.144409e-05
      vertex   7.500001e+01 5.250000e+01 4.969845e-01
    endloop
  endfacet
  facet normal 1.000000e+00 0.000000e+00 0.000000e+00
    outer loop
      vertex   7.500001e+01 5.250000e+01 5.133591e-01
      vertex   7.500001e+01 5.050000e+01 1.144409e-05
      vertex   7.500001e+01 5.250000e+01 5.050392e-01
    endloop
  endfacet
  facet normal 1.000000e+00 0.000000e+00 0.000000e+00
    outer loop
      vertex   7.500001e+01 5.250000e+01 5.219574e-01
      vertex   7.500001e+01 5.050000e+01 1.144409e-05
      vertex   7.500001e+01 5.250000e+01 5.133591e-01
    endloop
  endfacet
  facet normal 1.000000e+00 0.000000e+00 0.000000e+00
    outer loop
      vertex   7.500001e+01 5.250000e+01 5.308495e-01
      vertex   7.500001e+01 5.050000e+01 1.144409e-05
      vertex   7.500001e+01 5.250000e+01 5.219574e-01
    endloop
  endfacet
  facet normal 1.000000e+00 0.000000e+00 0.000000e+00
    outer loop
      vertex   7.500001e+01 5.250000e+01 5.400486e-01
      vertex   7.500001e+01 5.050000e+01 1.144409e-05
      vertex   7.500001e+01 5.250000e+01 5.308495e-01
    endloop
  endfacet
  facet normal 1.000000e+00 0.000000e+00 0.000000e+00
    outer loop
      vertex   7.500000e+01 5.250000e+01 4.336160e+01
      vertex   7.500000e+01 5.050000e+01 4.400001e+01
      vertex   7.500000e+01 5.250000e+01 4.301499e+01
    endloop
  endfacet
  facet normal 1.000000e+00 0.000000e+00 0.000000e+00
    outer loop
      vertex   7.500000e+01 5.250000e+01 4.339626e+01
      vertex   7.500000e+01 5.050000e+01 4.400001e+01
      vertex   7.500000e+01 5.250000e+01 4.336160e+01
    endloop
  endfacet
  facet normal 1.000000e+00 0.000000e+00 0.000000e+00
    outer loop
      vertex   7.500000e+01 5.250000e+01 4.374286e+01
      vertex   7.500000e+01 5.050000e+01 4.400001e+01
      vertex   7.500000e+01 5.250000e+01 4.339626e+01
    endloop
  endfacet
  facet normal 1.000000e+00 0.000000e+00 0.000000e+00
    outer loop
      vertex   7.500000e+01 5.250000e+01 4.383820e+01
      vertex   7.500000e+01 5.050000e+01 4.400001e+01
      vertex   7.500000e+01 5.250000e+01 4.383642e+01
    endloop
  endfacet
  facet normal 1.000000e+00 0.000000e+00 0.000000e+00
    outer loop
      vertex   7.500000e+01 5.250000e+01 4.383642e+01
      vertex   7.500000e+01 5.050000e+01 4.400001e+01
      vertex   7.500000e+01 5.250000e+01 4.383460e+01
    endloop
  endfacet
  facet normal 1.000000e+00 0.000000e+00 0.000000e+00
    outer loop
      vertex   7.500000e+01 5.250000e+01 4.383460e+01
      vertex   7.500000e+01 5.050000e+01 4.400001e+01
      vertex   7.500000e+01 5.250000e+01 4.383273e+01
    endloop
  endfacet
  facet normal 1.000000e+00 0.000000e+00 0.000000e+00
    outer loop
      vertex   7.500000e+01 5.250000e+01 4.383273e+01
      vertex   7.500000e+01 5.050000e+01 4.400001e+01
      vertex   7.500000e+01 5.250000e+01 4.383082e+01
    endloop
  endfacet
  facet normal 1.000000e+00 0.000000e+00 0.000000e+00
    outer loop
      vertex   7.500000e+01 5.250000e+01 4.383082e+01
      vertex   7.500000e+01 5.050000e+01 4.400001e+01
      vertex   7.500000e+01 5.250000e+01 4.382887e+01
    endloop
  endfacet
  facet normal 1.000000e+00 0.000000e+00 0.000000e+00
    outer loop
      vertex   7.500000e+01 5.250000e+01 4.382887e+01
      vertex   7.500000e+01 5.050000e+01 4.400001e+01
      vertex   7.500000e+01 5.250000e+01 4.382687e+01
    endloop
  endfacet
  facet normal 1.000000e+00 0.000000e+00 0.000000e+00
    outer loop
      vertex   7.500000e+01 5.250000e+01 4.382687e+01
      vertex   7.500000e+01 5.050000e+01 4.400001e+01
      vertex   7.500000e+01 5.250000e+01 4.382483e+01
    endloop
  endfacet
  facet normal 1.000000e+00 0.000000e+00 0.000000e+00
    outer loop
      vertex   7.500000e+01 5.250000e+01 4.382483e+01
      vertex   7.500000e+01 5.050000e+01 4.400001e+01
      vertex   7.500000e+01 5.250000e+01 4.382274e+01
    endloop
  endfacet
  facet normal 1.000000e+00 0.000000e+00 0.000000e+00
    outer loop
      vertex   7.500000e+01 5.250000e+01 4.382274e+01
      vertex   7.500000e+01 5.050000e+01 4.400001e+01
      vertex   7.500000e+01 5.250000e+01 4.382059e+01
    endloop
  endfacet
  facet normal 1.000000e+00 0.000000e+00 0.000000e+00
    outer loop
      vertex   7.500000e+01 5.250000e+01 4.382059e+01
      vertex   7.500000e+01 5.050000e+01 4.400001e+01
      vertex   7.500000e+01 5.250000e+01 4.381840e+01
    endloop
  endfacet
  facet normal 1.000000e+00 0.000000e+00 0.000000e+00
    outer loop
      vertex   7.500000e+01 5.250000e+01 4.381840e+01
      vertex   7.500000e+01 5.050000e+01 4.400001e+01
      vertex   7.500000e+01 5.250000e+01 4.381615e+01
    endloop
  endfacet
  facet normal 1.000000e+00 0.000000e+00 0.000000e+00
    outer loop
      vertex   7.500000e+01 5.250000e+01 4.381615e+01
      vertex   7.500000e+01 5.050000e+01 4.400001e+01
      vertex   7.500000e+01 5.250000e+01 4.381384e+01
    endloop
  endfacet
  facet normal 1.000000e+00 0.000000e+00 0.000000e+00
    outer loop
      vertex   7.500000e+01 5.250000e+01 4.381384e+01
      vertex   7.500000e+01 5.050000e+01 4.400001e+01
      vertex   7.500000e+01 5.250000e+01 4.381147e+01
    endloop
  endfacet
  facet normal 1.000000e+00 0.000000e+00 0.000000e+00
    outer loop
      vertex   7.500000e+01 5.250000e+01 4.381147e+01
      vertex   7.500000e+01 5.050000e+01 4.400001e+01
      vertex   7.500000e+01 5.250000e+01 4.380905e+01
    endloop
  endfacet
  facet normal 1.000000e+00 0.000000e+00 0.000000e+00
    outer loop
      vertex   7.500000e+01 5.250000e+01 4.380905e+01
      vertex   7.500000e+01 5.050000e+01 4.400001e+01
      vertex   7.500000e+01 5.250000e+01 4.380656e+01
    endloop
  endfacet
  facet normal 1.000000e+00 0.000000e+00 0.000000e+00
    outer loop
      vertex   7.500000e+01 5.250000e+01 4.380656e+01
      vertex   7.500000e+01 5.050000e+01 4.400001e+01
      vertex   7.500000e+01 5.250000e+01 4.380400e+01
    endloop
  endfacet
  facet normal 1.000000e+00 0.000000e+00 0.000000e+00
    outer loop
      vertex   7.500000e+01 5.250000e+01 4.380400e+01
      vertex   7.500000e+01 5.050000e+01 4.400001e+01
      vertex   7.500000e+01 5.250000e+01 4.380138e+01
    endloop
  endfacet
  facet normal 1.000000e+00 0.000000e+00 0.000000e+00
    outer loop
      vertex   7.500000e+01 5.250000e+01 4.380138e+01
      vertex   7.500000e+01 5.050000e+01 4.400001e+01
      vertex   7.500000e+01 5.250000e+01 4.379869e+01
    endloop
  endfacet
  facet normal 1.000000e+00 0.000000e+00 0.000000e+00
    outer loop
      vertex   7.500000e+01 5.250000e+01 4.379869e+01
      vertex   7.500000e+01 5.050000e+01 4.400001e+01
      vertex   7.500000e+01 5.250000e+01 4.379592e+01
    endloop
  endfacet
  facet normal 1.000000e+00 0.000000e+00 0.000000e+00
    outer loop
      vertex   7.500000e+01 5.250000e+01 4.379592e+01
      vertex   7.500000e+01 5.050000e+01 4.400001e+01
      vertex   7.500000e+01 5.250000e+01 4.379307e+01
    endloop
  endfacet
  facet normal 1.000000e+00 0.000000e+00 0.000000e+00
    outer loop
      vertex   7.500000e+01 5.250000e+01 4.379307e+01
      vertex   7.500000e+01 5.050000e+01 4.400001e+01
      vertex   7.500000e+01 5.250000e+01 4.379014e+01
    endloop
  endfacet
  facet normal 1.000000e+00 0.000000e+00 0.000000e+00
    outer loop
      vertex   7.500000e+01 5.250000e+01 4.379014e+01
      vertex   7.500000e+01 5.050000e+01 4.400001e+01
      vertex   7.500000e+01 5.250000e+01 4.378713e+01
    endloop
  endfacet
  facet normal 1.000000e+00 0.000000e+00 0.000000e+00
    outer loop
      vertex   7.500000e+01 5.250000e+01 4.378713e+01
      vertex   7.500000e+01 5.050000e+01 4.400001e+01
      vertex   7.500000e+01 5.250000e+01 4.378403e+01
    endloop
  endfacet
  facet normal 1.000000e+00 0.000000e+00 0.000000e+00
    outer loop
      vertex   7.500000e+01 5.250000e+01 4.378403e+01
      vertex   7.500000e+01 5.050000e+01 4.400001e+01
      vertex   7.500000e+01 5.250000e+01 4.378084e+01
    endloop
  endfacet
  facet normal 1.000000e+00 0.000000e+00 0.000000e+00
    outer loop
      vertex   7.500000e+01 5.250000e+01 4.378084e+01
      vertex   7.500000e+01 5.050000e+01 4.400001e+01
      vertex   7.500000e+01 5.250000e+01 4.377756e+01
    endloop
  endfacet
  facet normal 1.000000e+00 0.000000e+00 0.000000e+00
    outer loop
      vertex   7.500000e+01 5.250000e+01 4.377756e+01
      vertex   7.500000e+01 5.050000e+01 4.400001e+01
      vertex   7.500000e+01 5.250000e+01 4.377417e+01
    endloop
  endfacet
  facet normal 1.000000e+00 0.000000e+00 0.000000e+00
    outer loop
      vertex   7.500000e+01 5.250000e+01 4.377417e+01
      vertex   7.500000e+01 5.050000e+01 4.400001e+01
      vertex   7.500000e+01 5.250000e+01 4.377068e+01
    endloop
  endfacet
  facet normal 1.000000e+00 0.000000e+00 0.000000e+00
    outer loop
      vertex   7.500000e+01 5.250000e+01 4.377068e+01
      vertex   7.500000e+01 5.050000e+01 4.400001e+01
      vertex   7.500000e+01 5.250000e+01 4.376708e+01
    endloop
  endfacet
  facet normal 1.000000e+00 0.000000e+00 0.000000e+00
    outer loop
      vertex   7.500000e+01 5.250000e+01 4.376708e+01
      vertex   7.500000e+01 5.050000e+01 4.400001e+01
      vertex   7.500000e+01 5.250000e+01 4.376337e+01
    endloop
  endfacet
  facet normal 1.000000e+00 0.000000e+00 0.000000e+00
    outer loop
      vertex   7.500000e+01 5.250000e+01 4.376337e+01
      vertex   7.500000e+01 5.050000e+01 4.400001e+01
      vertex   7.500000e+01 5.250000e+01 4.375953e+01
    endloop
  endfacet
  facet normal 1.000000e+00 0.000000e+00 0.000000e+00
    outer loop
      vertex   7.500000e+01 5.250000e+01 4.375953e+01
      vertex   7.500000e+01 5.050000e+01 4.400001e+01
      vertex   7.500000e+01 5.250000e+01 4.375557e+01
    endloop
  endfacet
  facet normal 1.000000e+00 0.000000e+00 0.000000e+00
    outer loop
      vertex   7.500000e+01 5.250000e+01 4.375557e+01
      vertex   7.500000e+01 5.050000e+01 4.400001e+01
      vertex   7.500000e+01 5.250000e+01 4.375148e+01
    endloop
  endfacet
  facet normal 1.000000e+00 0.000000e+00 0.000000e+00
    outer loop
      vertex   7.500000e+01 5.250000e+01 4.375148e+01
      vertex   7.500000e+01 5.050000e+01 4.400001e+01
      vertex   7.500000e+01 5.250000e+01 4.374724e+01
    endloop
  endfacet
  facet normal -1.000000e+00 0.000000e+00 0.000000e+00
    outer loop
      vertex   7.300000e+01 5.250000e+01 4.383995e+01
      vertex   7.300000e+01 5.050000e+01 4.400001e+01
      vertex   7.300000e+01 5.250000e+01 4.400001e+01
    endloop
  endfacet
  facet normal -1.000000e+00 0.000000e+00 0.000000e+00
    outer loop
      vertex   7.300000e+01 5.250000e+01 4.383820e+01
      vertex   7.300000e+01 5.050000e+01 4.400001e+01
      vertex   7.300000e+01 5.250000e+01 4.383995e+01
    endloop
  endfacet
  facet normal -1.000000e+00 0.000000e+00 0.000000e+00
    outer loop
      vertex   7.300000e+01 5.250000e+01 4.383642e+01
      vertex   7.300000e+01 5.050000e+01 4.400001e+01
      vertex   7.300000e+01 5.250000e+01 4.383820e+01
    endloop
  endfacet
  facet normal -1.000000e+00 0.000000e+00 0.000000e+00
    outer loop
      vertex   7.300000e+01 5.250000e+01 4.383460e+01
      vertex   7.300000e+01 5.050000e+01 4.400001e+01
      vertex   7.300000e+01 5.250000e+01 4.383642e+01
    endloop
  endfacet
  facet normal -1.000000e+00 0.000000e+00 0.000000e+00
    outer loop
      vertex   7.300000e+01 5.250000e+01 4.383273e+01
      vertex   7.300000e+01 5.050000e+01 4.400001e+01
      vertex   7.300000e+01 5.250000e+01 4.383460e+01
    endloop
  endfacet
  facet normal -1.000000e+00 0.000000e+00 0.000000e+00
    outer loop
      vertex   7.300000e+01 5.250000e+01 4.383082e+01
      vertex   7.300000e+01 5.050000e+01 4.400001e+01
      vertex   7.300000e+01 5.250000e+01 4.383273e+01
    endloop
  endfacet
  facet normal -1.000000e+00 0.000000e+00 0.000000e+00
    outer loop
      vertex   7.300000e+01 5.250000e+01 4.382887e+01
      vertex   7.300000e+01 5.050000e+01 4.400001e+01
      vertex   7.300000e+01 5.250000e+01 4.383082e+01
    endloop
  endfacet
  facet normal -1.000000e+00 0.000000e+00 0.000000e+00
    outer loop
      vertex   7.300000e+01 5.250000e+01 4.382687e+01
      vertex   7.300000e+01 5.050000e+01 4.400001e+01
      vertex   7.300000e+01 5.250000e+01 4.382887e+01
    endloop
  endfacet
  facet normal -1.000000e+00 0.000000e+00 0.000000e+00
    outer loop
      vertex   7.300000e+01 5.250000e+01 4.382483e+01
      vertex   7.300000e+01 5.050000e+01 4.400001e+01
      vertex   7.300000e+01 5.250000e+01 4.382687e+01
    endloop
  endfacet
  facet normal -1.000000e+00 0.000000e+00 0.000000e+00
    outer loop
      vertex   7.300000e+01 5.250000e+01 4.382274e+01
      vertex   7.300000e+01 5.050000e+01 4.400001e+01
      vertex   7.300000e+01 5.250000e+01 4.382483e+01
    endloop
  endfacet
  facet normal -1.000000e+00 0.000000e+00 0.000000e+00
    outer loop
      vertex   7.300000e+01 5.250000e+01 4.382059e+01
      vertex   7.300000e+01 5.050000e+01 4.400001e+01
      vertex   7.300000e+01 5.250000e+01 4.382274e+01
    endloop
  endfacet
  facet normal -1.000000e+00 0.000000e+00 0.000000e+00
    outer loop
      vertex   7.300000e+01 5.250000e+01 4.381840e+01
      vertex   7.300000e+01 5.050000e+01 4.400001e+01
      vertex   7.300000e+01 5.250000e+01 4.382059e+01
    endloop
  endfacet
  facet normal -1.000000e+00 0.000000e+00 0.000000e+00
    outer loop
      vertex   7.300000e+01 5.250000e+01 4.381615e+01
      vertex   7.300000e+01 5.050000e+01 4.400001e+01
      vertex   7.300000e+01 5.250000e+01 4.381840e+01
    endloop
  endfacet
  facet normal -1.000000e+00 0.000000e+00 0.000000e+00
    outer loop
      vertex   7.300000e+01 5.250000e+01 4.381384e+01
      vertex   7.300000e+01 5.050000e+01 4.400001e+01
      vertex   7.300000e+01 5.250000e+01 4.381615e+01
    endloop
  endfacet
  facet normal -1.000000e+00 0.000000e+00 0.000000e+00
    outer loop
      vertex   7.300000e+01 5.250000e+01 4.381147e+01
      vertex   7.300000e+01 5.050000e+01 4.400001e+01
      vertex   7.300000e+01 5.250000e+01 4.381384e+01
    endloop
  endfacet
  facet normal -1.000000e+00 0.000000e+00 0.000000e+00
    outer loop
      vertex   7.300000e+01 5.250000e+01 4.380905e+01
      vertex   7.300000e+01 5.050000e+01 4.400001e+01
      vertex   7.300000e+01 5.250000e+01 4.381147e+01
    endloop
  endfacet
  facet normal -1.000000e+00 0.000000e+00 0.000000e+00
    outer loop
      vertex   7.300000e+01 5.250000e+01 4.380656e+01
      vertex   7.300000e+01 5.050000e+01 4.400001e+01
      vertex   7.300000e+01 5.250000e+01 4.380905e+01
    endloop
  endfacet
  facet normal -1.000000e+00 0.000000e+00 0.000000e+00
    outer loop
      vertex   7.300000e+01 5.250000e+01 4.380400e+01
      vertex   7.300000e+01 5.050000e+01 4.400001e+01
      vertex   7.300000e+01 5.250000e+01 4.380656e+01
    endloop
  endfacet
  facet normal -1.000000e+00 0.000000e+00 0.000000e+00
    outer loop
      vertex   7.300000e+01 5.250000e+01 4.380138e+01
      vertex   7.300000e+01 5.050000e+01 4.400001e+01
      vertex   7.300000e+01 5.250000e+01 4.380400e+01
    endloop
  endfacet
  facet normal -1.000000e+00 0.000000e+00 0.000000e+00
    outer loop
      vertex   7.300000e+01 5.250000e+01 4.379869e+01
      vertex   7.300000e+01 5.050000e+01 4.400001e+01
      vertex   7.300000e+01 5.250000e+01 4.380138e+01
    endloop
  endfacet
  facet normal -1.000000e+00 0.000000e+00 0.000000e+00
    outer loop
      vertex   7.300000e+01 5.250000e+01 4.379592e+01
      vertex   7.300000e+01 5.050000e+01 4.400001e+01
      vertex   7.300000e+01 5.250000e+01 4.379869e+01
    endloop
  endfacet
  facet normal -1.000000e+00 0.000000e+00 0.000000e+00
    outer loop
      vertex   7.300000e+01 5.250000e+01 4.379307e+01
      vertex   7.300000e+01 5.050000e+01 4.400001e+01
      vertex   7.300000e+01 5.250000e+01 4.379592e+01
    endloop
  endfacet
  facet normal -1.000000e+00 0.000000e+00 0.000000e+00
    outer loop
      vertex   7.300000e+01 5.250000e+01 4.379014e+01
      vertex   7.300000e+01 5.050000e+01 4.400001e+01
      vertex   7.300000e+01 5.250000e+01 4.379307e+01
    endloop
  endfacet
  facet normal -1.000000e+00 0.000000e+00 0.000000e+00
    outer loop
      vertex   7.300000e+01 5.250000e+01 4.378713e+01
      vertex   7.300000e+01 5.050000e+01 4.400001e+01
      vertex   7.300000e+01 5.250000e+01 4.379014e+01
    endloop
  endfacet
  facet normal -1.000000e+00 0.000000e+00 0.000000e+00
    outer loop
      vertex   7.300000e+01 5.250000e+01 4.378403e+01
      vertex   7.300000e+01 5.050000e+01 4.400001e+01
      vertex   7.300000e+01 5.250000e+01 4.378713e+01
    endloop
  endfacet
  facet normal -1.000000e+00 0.000000e+00 0.000000e+00
    outer loop
      vertex   7.300000e+01 5.250000e+01 4.378084e+01
      vertex   7.300000e+01 5.050000e+01 4.400001e+01
      vertex   7.300000e+01 5.250000e+01 4.378403e+01
    endloop
  endfacet
  facet normal -1.000000e+00 0.000000e+00 0.000000e+00
    outer loop
      vertex   7.300000e+01 5.250000e+01 4.377756e+01
      vertex   7.300000e+01 5.050000e+01 4.400001e+01
      vertex   7.300000e+01 5.250000e+01 4.378084e+01
    endloop
  endfacet
  facet normal -1.000000e+00 0.000000e+00 0.000000e+00
    outer loop
      vertex   7.300000e+01 5.250000e+01 4.377417e+01
      vertex   7.300000e+01 5.050000e+01 4.400001e+01
      vertex   7.300000e+01 5.250000e+01 4.377756e+01
    endloop
  endfacet
  facet normal -1.000000e+00 0.000000e+00 0.000000e+00
    outer loop
      vertex   7.300000e+01 5.250000e+01 4.377068e+01
      vertex   7.300000e+01 5.050000e+01 4.400001e+01
      vertex   7.300000e+01 5.250000e+01 4.377417e+01
    endloop
  endfacet
  facet normal -1.000000e+00 0.000000e+00 0.000000e+00
    outer loop
      vertex   7.300000e+01 5.250000e+01 4.376708e+01
      vertex   7.300000e+01 5.050000e+01 4.400001e+01
      vertex   7.300000e+01 5.250000e+01 4.377068e+01
    endloop
  endfacet
  facet normal -1.000000e+00 0.000000e+00 0.000000e+00
    outer loop
      vertex   7.300001e+01 5.250000e+01 1.500011e+00
      vertex   7.300001e+01 5.050000e+01 1.500011e+00
      vertex   7.300001e+01 5.250000e+01 1.803795e+00
    endloop
  endfacet
  facet normal -1.000000e+00 -0.000000e+00 0.000000e+00
    outer loop
      vertex   7.300001e+01 5.250000e+01 1.803795e+00
      vertex   7.300001e+01 5.050000e+01 1.500011e+00
      vertex   7.300001e+01 5.250000e+01 1.807108e+00
    endloop
  endfacet
  facet normal -1.000000e+00 -0.000000e+00 0.000000e+00
    outer loop
      vertex   7.300001e+01 5.250000e+01 1.807108e+00
      vertex   7.300001e+01 5.050000e+01 1.500011e+00
      vertex   7.300001e+01 5.250000e+01 1.810493e+00
    endloop
  endfacet
  facet normal -1.000000e+00 -0.000000e+00 0.000000e+00
    outer loop
      vertex   7.300001e+01 5.250000e+01 1.810493e+00
      vertex   7.300001e+01 5.050000e+01 1.500011e+00
      vertex   7.300001e+01 5.250000e+01 1.813955e+00
    endloop
  endfacet
  facet normal -1.000000e+00 -0.000000e+00 0.000000e+00
    outer loop
      vertex   7.300001e+01 5.250000e+01 1.813955e+00
      vertex   7.300001e+01 5.050000e+01 1.500011e+00
      vertex   7.300001e+01 5.250000e+01 1.817493e+00
    endloop
  endfacet
  facet normal -1.000000e+00 -0.000000e+00 0.000000e+00
    outer loop
      vertex   7.300001e+01 5.250000e+01 1.817493e+00
      vertex   7.300001e+01 5.050000e+01 1.500011e+00
      vertex   7.300001e+01 5.250000e+01 1.821114e+00
    endloop
  endfacet
  facet normal -1.000000e+00 -0.000000e+00 0.000000e+00
    outer loop
      vertex   7.300001e+01 5.250000e+01 1.821114e+00
      vertex   7.300001e+01 5.050000e+01 1.500011e+00
      vertex   7.300001e+01 5.250000e+01 1.824818e+00
    endloop
  endfacet
  facet normal -1.000000e+00 -0.000000e+00 0.000000e+00
    outer loop
      vertex   7.300001e+01 5.250000e+01 1.824818e+00
      vertex   7.300001e+01 5.050000e+01 1.500011e+00
      vertex   7.300001e+01 5.250000e+01 1.828608e+00
    endloop
  endfacet
  facet normal -1.000000e+00 -0.000000e+00 0.000000e+00
    outer loop
      vertex   7.300001e+01 5.250000e+01 1.828608e+00
      vertex   7.300001e+01 5.050000e+01 1.500011e+00
      vertex   7.300001e+01 5.250000e+01 1.832487e+00
    endloop
  endfacet
  facet normal -1.000000e+00 -0.000000e+00 0.000000e+00
    outer loop
      vertex   7.300001e+01 5.250000e+01 1.832487e+00
      vertex   7.300001e+01 5.050000e+01 1.500011e+00
      vertex   7.300001e+01 5.250000e+01 1.836460e+00
    endloop
  endfacet
  facet normal -1.000000e+00 -0.000000e+00 0.000000e+00
    outer loop
      vertex   7.300001e+01 5.250000e+01 1.836460e+00
      vertex   7.300001e+01 5.050000e+01 1.500011e+00
      vertex   7.300001e+01 5.250000e+01 1.840527e+00
    endloop
  endfacet
  facet normal -1.000000e+00 -0.000000e+00 0.000000e+00
    outer loop
      vertex   7.300001e+01 5.250000e+01 1.840527e+00
      vertex   7.300001e+01 5.050000e+01 1.500011e+00
      vertex   7.300001e+01 5.250000e+01 1.844696e+00
    endloop
  endfacet
  facet normal -1.000000e+00 -0.000000e+00 0.000000e+00
    outer loop
      vertex   7.300001e+01 5.250000e+01 1.844696e+00
      vertex   7.300001e+01 5.050000e+01 1.500011e+00
      vertex   7.300001e+01 5.250000e+01 1.848967e+00
    endloop
  endfacet
  facet normal -1.000000e+00 -0.000000e+00 0.000000e+00
    outer loop
      vertex   7.300001e+01 5.250000e+01 1.848967e+00
      vertex   7.300001e+01 5.050000e+01 1.500011e+00
      vertex   7.300001e+01 5.250000e+01 1.853344e+00
    endloop
  endfacet
  facet normal -1.000000e+00 -0.000000e+00 0.000000e+00
    outer loop
      vertex   7.300001e+01 5.250000e+01 1.853344e+00
      vertex   7.300001e+01 5.050000e+01 1.500011e+00
      vertex   7.300001e+01 5.250000e+01 1.857834e+00
    endloop
  endfacet
  facet normal -1.000000e+00 -0.000000e+00 0.000000e+00
    outer loop
      vertex   7.300001e+01 5.250000e+01 1.857834e+00
      vertex   7.300001e+01 5.050000e+01 1.500011e+00
      vertex   7.300001e+01 5.250000e+01 1.862438e+00
    endloop
  endfacet
  facet normal -1.000000e+00 -0.000000e+00 0.000000e+00
    outer loop
      vertex   7.300001e+01 5.250000e+01 1.862438e+00
      vertex   7.300001e+01 5.050000e+01 1.500011e+00
      vertex   7.300001e+01 5.250000e+01 1.867165e+00
    endloop
  endfacet
  facet normal -1.000000e+00 -0.000000e+00 0.000000e+00
    outer loop
      vertex   7.300001e+01 5.250000e+01 1.867165e+00
      vertex   7.300001e+01 5.050000e+01 1.500011e+00
      vertex   7.300001e+01 5.250000e+01 1.872013e+00
    endloop
  endfacet
  facet normal -1.000000e+00 -0.000000e+00 0.000000e+00
    outer loop
      vertex   7.300001e+01 5.250000e+01 1.872013e+00
      vertex   7.300001e+01 5.050000e+01 1.500011e+00
      vertex   7.300001e+01 5.250000e+01 1.876993e+00
    endloop
  endfacet
  facet normal -1.000000e+00 -0.000000e+00 0.000000e+00
    outer loop
      vertex   7.300001e+01 5.250000e+01 1.876993e+00
      vertex   7.300001e+01 5.050000e+01 1.500011e+00
      vertex   7.300001e+01 5.250000e+01 1.882109e+00
    endloop
  endfacet
  facet normal -1.000000e+00 -0.000000e+00 0.000000e+00
    outer loop
      vertex   7.300001e+01 5.250000e+01 1.882109e+00
      vertex   7.300001e+01 5.050000e+01 1.500011e+00
      vertex   7.300001e+01 5.250000e+01 1.887363e+00
    endloop
  endfacet
  facet normal -1.000000e+00 -0.000000e+00 0.000000e+00
    outer loop
      vertex   7.300001e+01 5.250000e+01 1.887363e+00
      vertex   7.300001e+01 5.050000e+01 1.500011e+00
      vertex   7.300001e+01 5.250000e+01 1.892767e+00
    endloop
  endfacet
  facet normal -1.000000e+00 -0.000000e+00 0.000000e+00
    outer loop
      vertex   7.300001e+01 5.250000e+01 1.892767e+00
      vertex   7.300001e+01 5.050000e+01 1.500011e+00
      vertex   7.300001e+01 5.250000e+01 1.898321e+00
    endloop
  endfacet
  facet normal -1.000000e+00 -0.000000e+00 0.000000e+00
    outer loop
      vertex   7.300001e+01 5.250000e+01 1.898321e+00
      vertex   7.300001e+01 5.050000e+01 1.500011e+00
      vertex   7.300001e+01 5.250000e+01 1.904036e+00
    endloop
  endfacet
  facet normal -1.000000e+00 -0.000000e+00 0.000000e+00
    outer loop
      vertex   7.300001e+01 5.250000e+01 1.904036e+00
      vertex   7.300001e+01 5.050000e+01 1.500011e+00
      vertex   7.300001e+01 5.250000e+01 1.909916e+00
    endloop
  endfacet
  facet normal -1.000000e+00 -0.000000e+00 0.000000e+00
    outer loop
      vertex   7.300001e+01 5.250000e+01 1.909916e+00
      vertex   7.300001e+01 5.050000e+01 1.500011e+00
      vertex   7.300001e+01 5.250000e+01 1.915972e+00
    endloop
  endfacet
  facet normal -1.000000e+00 -0.000000e+00 0.000000e+00
    outer loop
      vertex   7.300001e+01 5.250000e+01 1.915972e+00
      vertex   7.300001e+01 5.050000e+01 1.500011e+00
      vertex   7.300001e+01 5.250000e+01 1.922207e+00
    endloop
  endfacet
  facet normal -1.000000e+00 -0.000000e+00 0.000000e+00
    outer loop
      vertex   7.300001e+01 5.250000e+01 1.922207e+00
      vertex   7.300001e+01 5.050000e+01 1.500011e+00
      vertex   7.300001e+01 5.250000e+01 1.928633e+00
    endloop
  endfacet
  facet normal -1.000000e+00 -0.000000e+00 0.000000e+00
    outer loop
      vertex   7.300001e+01 5.250000e+01 1.928633e+00
      vertex   7.300001e+01 5.050000e+01 1.500011e+00
      vertex   7.300001e+01 5.250000e+01 1.935257e+00
    endloop
  endfacet
  facet normal -1.000000e+00 -0.000000e+00 0.000000e+00
    outer loop
      vertex   7.300001e+01 5.250000e+01 1.935257e+00
      vertex   7.300001e+01 5.050000e+01 1.500011e+00
      vertex   7.300001e+01 5.250000e+01 1.942089e+00
    endloop
  endfacet
  facet normal -1.000000e+00 -0.000000e+00 0.000000e+00
    outer loop
      vertex   7.300001e+01 5.250000e+01 1.942089e+00
      vertex   7.300001e+01 5.050000e+01 1.500011e+00
      vertex   7.300001e+01 5.250000e+01 1.949141e+00
    endloop
  endfacet
  facet normal -1.000000e+00 -0.000000e+00 0.000000e+00
    outer loop
      vertex   7.300001e+01 5.250000e+01 1.949141e+00
      vertex   7.300001e+01 5.050000e+01 1.500011e+00
      vertex   7.300001e+01 5.250000e+01 1.956419e+00
    endloop
  endfacet
  facet normal -1.000000e+00 -0.000000e+00 0.000000e+00
    outer loop
      vertex   7.300001e+01 5.250000e+01 1.956419e+00
      vertex   7.300001e+01 5.050000e+01 1.500011e+00
      vertex   7.300001e+01 5.250000e+01 1.963938e+00
    endloop
  endfacet
  facet normal -1.000000e+00 -0.000000e+00 0.000000e+00
    outer loop
      vertex   7.300001e+01 5.250000e+01 1.963938e+00
      vertex   7.300001e+01 5.050000e+01 1.500011e+00
      vertex   7.300001e+01 5.250000e+01 1.971708e+00
    endloop
  endfacet
  facet normal -1.000000e+00 -0.000000e+00 0.000000e+00
    outer loop
      vertex   7.300001e+01 5.250000e+01 1.971708e+00
      vertex   7.300001e+01 5.050000e+01 1.500011e+00
      vertex   7.300001e+01 5.250000e+01 1.979744e+00
    endloop
  endfacet
  facet normal -1.000000e+00 -0.000000e+00 0.000000e+00
    outer loop
      vertex   7.300001e+01 5.250000e+01 1.979744e+00
      vertex   7.300001e+01 5.050000e+01 1.500011e+00
      vertex   7.300001e+01 5.250000e+01 1.988058e+00
    endloop
  endfacet
  facet normal -1.000000e+00 0.000000e+00 0.000000e+00
    outer loop
      vertex   7.300000e+01 5.250000e+01 4.301499e+01
      vertex   7.300000e+01 5.050000e+01 4.400001e+01
      vertex   7.300000e+01 5.250000e+01 4.336160e+01
    endloop
  endfacet
  facet normal -1.000000e+00 0.000000e+00 0.000000e+00
    outer loop
      vertex   7.300000e+01 5.250000e+01 4.376337e+01
      vertex   7.300000e+01 5.050000e+01 4.400001e+01
      vertex   7.300000e+01 5.250000e+01 4.376708e+01
    endloop
  endfacet
  facet normal -1.000000e+00 0.000000e+00 0.000000e+00
    outer loop
      vertex   7.300000e+01 5.250000e+01 4.375953e+01
      vertex   7.300000e+01 5.050000e+01 4.400001e+01
      vertex   7.300000e+01 5.250000e+01 4.376337e+01
    endloop
  endfacet
  facet normal -1.000000e+00 0.000000e+00 0.000000e+00
    outer loop
      vertex   7.300000e+01 5.250000e+01 4.375557e+01
      vertex   7.300000e+01 5.050000e+01 4.400001e+01
      vertex   7.300000e+01 5.250000e+01 4.375953e+01
    endloop
  endfacet
  facet normal -1.000000e+00 0.000000e+00 0.000000e+00
    outer loop
      vertex   7.300000e+01 5.250000e+01 4.375148e+01
      vertex   7.300000e+01 5.050000e+01 4.400001e+01
      vertex   7.300000e+01 5.250000e+01 4.375557e+01
    endloop
  endfacet
  facet normal -1.000000e+00 0.000000e+00 0.000000e+00
    outer loop
      vertex   7.300000e+01 5.250000e+01 4.374724e+01
      vertex   7.300000e+01 5.050000e+01 4.400001e+01
      vertex   7.300000e+01 5.250000e+01 4.375148e+01
    endloop
  endfacet
  facet normal -1.000000e+00 0.000000e+00 0.000000e+00
    outer loop
      vertex   7.300000e+01 5.250000e+01 4.374286e+01
      vertex   7.300000e+01 5.050000e+01 4.400001e+01
      vertex   7.300000e+01 5.250000e+01 4.374724e+01
    endloop
  endfacet
  facet normal -1.000000e+00 0.000000e+00 0.000000e+00
    outer loop
      vertex   7.300000e+01 5.250000e+01 4.336160e+01
      vertex   7.300000e+01 5.050000e+01 4.400001e+01
      vertex   7.300000e+01 5.250000e+01 4.339626e+01
    endloop
  endfacet
  facet normal 0.000000e+00 -1.000000e+00 0.000000e+00
    outer loop
      vertex   7.300001e+01 5.050000e+01 1.500011e+00
      vertex   7.500000e+01 5.050000e+01 4.400001e+01
      vertex   7.300000e+01 5.050000e+01 4.400001e+01
    endloop
  endfacet
  facet normal 0.000000e+00 -1.000000e+00 0.000000e+00
    outer loop
      vertex   7.300001e+01 5.050000e+01 1.500011e+00
      vertex   7.500001e+01 5.050000e+01 1.144409e-05
      vertex   7.500000e+01 5.050000e+01 4.400001e+01
    endloop
  endfacet
  facet normal 0.000000e+00 -1.000000e+00 0.000000e+00
    outer loop
      vertex   7.300001e+01 5.050000e+01 1.500011e+00
      vertex   7.450001e+01 5.050000e+01 1.144409e-05
      vertex   7.500001e+01 5.050000e+01 1.144409e-05
    endloop
  endfacet
  facet normal 0.000000e+00 -1.000000e+00 0.000000e+00
    outer loop
      vertex   7.300001e+01 5.050000e+01 1.500011e+00
      vertex   7.384376e+01 5.050000e+01 9.376145e-02
      vertex   7.450001e+01 5.050000e+01 1.144409e-05
    endloop
  endfacet
  facet normal 0.000000e+00 -1.000000e+00 0.000000e+00
    outer loop
      vertex   7.309376e+01 5.050000e+01 8.437615e-01
      vertex   7.384376e+01 5.050000e+01 9.376145e-02
      vertex   7.300001e+01 5.050000e+01 1.500011e+00
    endloop
  endfacet
  facet normal -0.000000e+00 0.000000e+00 1.000000e+00
    outer loop
      vertex   7.300000e+01 5.250000e+01 4.400001e+01
      vertex   7.300000e+01 5.050000e+01 4.400001e+01
      vertex   7.304000e+01 5.250000e+01 4.400001e+01
    endloop
  endfacet
  facet normal 0.000000e+00 -1.000000e+00 0.000000e+00
    outer loop
      vertex   7.500000e+01 5.050000e+01 2.000008e+00
      vertex   1.750000e+02 5.050000e+01 -4.440892e-15
      vertex   1.750000e+02 5.050000e+01 2.000000e+00
    endloop
  endfacet
  facet normal 1.000000e+00 0.000000e+00 0.000000e+00
    outer loop
      vertex   1.750000e+02 5.250000e+01 2.000000e+00
      vertex   1.750000e+02 5.050000e+01 2.000000e+00
      vertex   1.750000e+02 5.250000e+01 1.959999e+00
    endloop
  endfacet
  facet normal 0.000000e+00 -1.000000e+00 0.000000e+00
    outer loop
      vertex   1.750000e+02 5.050000e+01 -4.440892e-15
      vertex   7.500000e+01 5.050000e+01 2.000008e+00
      vertex   7.500000e+01 5.050000e+01 7.629395e-06
    endloop
  endfacet
  facet normal -1.000000e+00 0.000000e+00 0.000000e+00
    outer loop
      vertex   7.500000e+01 5.250000e+01 7.629395e-06
      vertex   7.500000e+01 5.050000e+01 7.629395e-06
      vertex   7.500000e+01 5.250000e+01 4.000664e-02
    endloop
  endfacet
  facet normal -0.000000e+00 0.000000e+00 1.000000e+00
    outer loop
      vertex   1.726112e+02 5.250000e+01 2.000000e+00
      vertex   1.750000e+02 5.050000e+01 2.000000e+00
      vertex   1.726528e+02 5.250000e+01 2.000000e+00
    endloop
  endfacet
  facet normal -0.000000e+00 0.000000e+00 1.000000e+00
    outer loop
      vertex   1.726528e+02 5.250000e+01 2.000000e+00
      vertex   1.750000e+02 5.050000e+01 2.000000e+00
      vertex   1.726935e+02 5.250000e+01 2.000000e+00
    endloop
  endfacet
  facet normal -0.000000e+00 0.000000e+00 1.000000e+00
    outer loop
      vertex   1.725702e+02 5.250000e+01 2.000000e+00
      vertex   1.750000e+02 5.050000e+01 2.000000e+00
      vertex   1.726112e+02 5.250000e+01 2.000000e+00
    endloop
  endfacet
  facet normal -0.000000e+00 0.000000e+00 1.000000e+00
    outer loop
      vertex   1.726935e+02 5.250000e+01 2.000000e+00
      vertex   1.750000e+02 5.050000e+01 2.000000e+00
      vertex   1.727319e+02 5.250000e+01 2.000000e+00
    endloop
  endfacet
  facet normal -0.000000e+00 0.000000e+00 1.000000e+00
    outer loop
      vertex   1.725312e+02 5.250000e+01 2.000000e+00
      vertex   1.750000e+02 5.050000e+01 2.000000e+00
      vertex   1.725702e+02 5.250000e+01 2.000000e+00
    endloop
  endfacet
  facet normal -0.000000e+00 0.000000e+00 1.000000e+00
    outer loop
      vertex   1.727319e+02 5.250000e+01 2.000000e+00
      vertex   1.750000e+02 5.050000e+01 2.000000e+00
      vertex   1.727670e+02 5.250000e+01 2.000000e+00
    endloop
  endfacet
  facet normal -0.000000e+00 0.000000e+00 1.000000e+00
    outer loop
      vertex   1.727670e+02 5.250000e+01 2.000000e+00
      vertex   1.750000e+02 5.050000e+01 2.000000e+00
      vertex   1.750000e+02 5.250000e+01 2.000000e+00
    endloop
  endfacet
  facet normal -0.000000e+00 0.000000e+00 1.000000e+00
    outer loop
      vertex   1.724959e+02 5.250000e+01 2.000000e+00
      vertex   1.750000e+02 5.050000e+01 2.000000e+00
      vertex   1.725312e+02 5.250000e+01 2.000000e+00
    endloop
  endfacet
  facet normal -0.000000e+00 0.000000e+00 1.000000e+00
    outer loop
      vertex   8.462681e+01 5.250000e+01 2.000008e+00
      vertex   7.500000e+01 5.050000e+01 2.000008e+00
      vertex   8.464269e+01 5.250000e+01 2.000008e+00
    endloop
  endfacet
  facet normal -0.000000e+00 0.000000e+00 1.000000e+00
    outer loop
      vertex   8.458785e+01 5.250000e+01 2.000008e+00
      vertex   7.500000e+01 5.050000e+01 2.000008e+00
      vertex   8.462681e+01 5.250000e+01 2.000008e+00
    endloop
  endfacet
  facet normal -0.000000e+00 0.000000e+00 1.000000e+00
    outer loop
      vertex   8.452732e+01 5.250000e+01 2.000008e+00
      vertex   7.500000e+01 5.050000e+01 2.000008e+00
      vertex   8.458785e+01 5.250000e+01 2.000008e+00
    endloop
  endfacet
  facet normal -0.000000e+00 0.000000e+00 1.000000e+00
    outer loop
      vertex   8.444771e+01 5.250000e+01 2.000008e+00
      vertex   7.500000e+01 5.050000e+01 2.000008e+00
      vertex   8.452732e+01 5.250000e+01 2.000008e+00
    endloop
  endfacet
  facet normal -0.000000e+00 0.000000e+00 1.000000e+00
    outer loop
      vertex   8.435223e+01 5.250000e+01 2.000008e+00
      vertex   7.500000e+01 5.050000e+01 2.000008e+00
      vertex   8.444771e+01 5.250000e+01 2.000008e+00
    endloop
  endfacet
  facet normal -0.000000e+00 0.000000e+00 1.000000e+00
    outer loop
      vertex   8.424466e+01 5.250000e+01 2.000008e+00
      vertex   7.500000e+01 5.050000e+01 2.000008e+00
      vertex   8.435223e+01 5.250000e+01 2.000008e+00
    endloop
  endfacet
  facet normal -0.000000e+00 0.000000e+00 1.000000e+00
    outer loop
      vertex   8.412907e+01 5.250000e+01 2.000008e+00
      vertex   7.500000e+01 5.050000e+01 2.000008e+00
      vertex   8.424466e+01 5.250000e+01 2.000008e+00
    endloop
  endfacet
  facet normal -0.000000e+00 0.000000e+00 1.000000e+00
    outer loop
      vertex   8.400963e+01 5.250000e+01 2.000008e+00
      vertex   7.500000e+01 5.050000e+01 2.000008e+00
      vertex   8.412907e+01 5.250000e+01 2.000008e+00
    endloop
  endfacet
  facet normal -0.000000e+00 0.000000e+00 1.000000e+00
    outer loop
      vertex   8.389037e+01 5.250000e+01 2.000008e+00
      vertex   7.500000e+01 5.050000e+01 2.000008e+00
      vertex   8.400963e+01 5.250000e+01 2.000008e+00
    endloop
  endfacet
  facet normal -0.000000e+00 0.000000e+00 1.000000e+00
    outer loop
      vertex   7.994540e+01 5.250000e+01 2.000008e+00
      vertex   7.500000e+01 5.050000e+01 2.000008e+00
      vertex   8.389037e+01 5.250000e+01 2.000008e+00
    endloop
  endfacet
  facet normal -0.000000e+00 0.000000e+00 1.000000e+00
    outer loop
      vertex   7.984249e+01 5.250000e+01 2.000008e+00
      vertex   7.500000e+01 5.050000e+01 2.000008e+00
      vertex   7.994540e+01 5.250000e+01 2.000008e+00
    endloop
  endfacet
  facet normal -0.000000e+00 0.000000e+00 1.000000e+00
    outer loop
      vertex   7.959115e+01 5.250000e+01 2.000008e+00
      vertex   7.500000e+01 5.050000e+01 2.000008e+00
      vertex   7.984249e+01 5.250000e+01 2.000008e+00
    endloop
  endfacet
  facet normal -0.000000e+00 0.000000e+00 1.000000e+00
    outer loop
      vertex   7.921347e+01 5.250000e+01 2.000008e+00
      vertex   7.500000e+01 5.050000e+01 2.000008e+00
      vertex   7.959115e+01 5.250000e+01 2.000008e+00
    endloop
  endfacet
  facet normal -0.000000e+00 0.000000e+00 1.000000e+00
    outer loop
      vertex   7.875510e+01 5.250000e+01 2.000008e+00
      vertex   7.500000e+01 5.050000e+01 2.000008e+00
      vertex   7.921347e+01 5.250000e+01 2.000008e+00
    endloop
  endfacet
  facet normal -0.000000e+00 0.000000e+00 1.000000e+00
    outer loop
      vertex   7.827057e+01 5.250000e+01 2.000008e+00
      vertex   7.500000e+01 5.050000e+01 2.000008e+00
      vertex   7.875510e+01 5.250000e+01 2.000008e+00
    endloop
  endfacet
  facet normal -0.000000e+00 0.000000e+00 1.000000e+00
    outer loop
      vertex   7.759042e+01 5.250000e+01 2.000008e+00
      vertex   7.500000e+01 5.050000e+01 2.000008e+00
      vertex   7.827057e+01 5.250000e+01 2.000008e+00
    endloop
  endfacet
  facet normal -0.000000e+00 0.000000e+00 1.000000e+00
    outer loop
      vertex   7.758835e+01 5.250000e+01 2.000008e+00
      vertex   7.500000e+01 5.050000e+01 2.000008e+00
      vertex   7.759042e+01 5.250000e+01 2.000008e+00
    endloop
  endfacet
  facet normal -0.000000e+00 0.000000e+00 1.000000e+00
    outer loop
      vertex   7.757849e+01 5.250000e+01 2.000008e+00
      vertex   7.500000e+01 5.050000e+01 2.000008e+00
      vertex   7.758835e+01 5.250000e+01 2.000008e+00
    endloop
  endfacet
  facet normal -0.000000e+00 0.000000e+00 1.000000e+00
    outer loop
      vertex   7.756109e+01 5.250000e+01 2.000008e+00
      vertex   7.500000e+01 5.050000e+01 2.000008e+00
      vertex   7.757849e+01 5.250000e+01 2.000008e+00
    endloop
  endfacet
  facet normal -0.000000e+00 0.000000e+00 1.000000e+00
    outer loop
      vertex   7.753671e+01 5.250000e+01 2.000008e+00
      vertex   7.500000e+01 5.050000e+01 2.000008e+00
      vertex   7.756109e+01 5.250000e+01 2.000008e+00
    endloop
  endfacet
  facet normal -0.000000e+00 0.000000e+00 1.000000e+00
    outer loop
      vertex   7.750624e+01 5.250000e+01 2.000008e+00
      vertex   7.500000e+01 5.050000e+01 2.000008e+00
      vertex   7.753671e+01 5.250000e+01 2.000008e+00
    endloop
  endfacet
  facet normal -0.000000e+00 0.000000e+00 1.000000e+00
    outer loop
      vertex   7.747086e+01 5.250000e+01 2.000008e+00
      vertex   7.500000e+01 5.050000e+01 2.000008e+00
      vertex   7.750624e+01 5.250000e+01 2.000008e+00
    endloop
  endfacet
  facet normal -0.000000e+00 0.000000e+00 1.000000e+00
    outer loop
      vertex   7.743190e+01 5.250000e+01 2.000008e+00
      vertex   7.500000e+01 5.050000e+01 2.000008e+00
      vertex   7.747086e+01 5.250000e+01 2.000008e+00
    endloop
  endfacet
  facet normal -0.000000e+00 0.000000e+00 1.000000e+00
    outer loop
      vertex   7.739087e+01 5.250000e+01 2.000008e+00
      vertex   7.500000e+01 5.050000e+01 2.000008e+00
      vertex   7.743190e+01 5.250000e+01 2.000008e+00
    endloop
  endfacet
  facet normal -0.000000e+00 0.000000e+00 1.000000e+00
    outer loop
      vertex   7.734926e+01 5.250000e+01 2.000008e+00
      vertex   7.500000e+01 5.050000e+01 2.000008e+00
      vertex   7.739087e+01 5.250000e+01 2.000008e+00
    endloop
  endfacet
  facet normal -0.000000e+00 0.000000e+00 1.000000e+00
    outer loop
      vertex   7.730855e+01 5.250000e+01 2.000008e+00
      vertex   7.500000e+01 5.050000e+01 2.000008e+00
      vertex   7.734926e+01 5.250000e+01 2.000008e+00
    endloop
  endfacet
  facet normal -0.000000e+00 0.000000e+00 1.000000e+00
    outer loop
      vertex   7.727007e+01 5.250000e+01 2.000008e+00
      vertex   7.500000e+01 5.050000e+01 2.000008e+00
      vertex   7.730855e+01 5.250000e+01 2.000008e+00
    endloop
  endfacet
  facet normal -0.000000e+00 0.000000e+00 1.000000e+00
    outer loop
      vertex   7.723501e+01 5.250000e+01 2.000008e+00
      vertex   7.500000e+01 5.050000e+01 2.000008e+00
      vertex   7.727007e+01 5.250000e+01 2.000008e+00
    endloop
  endfacet
  facet normal -0.000000e+00 0.000000e+00 1.000000e+00
    outer loop
      vertex   7.500000e+01 5.250000e+01 2.000008e+00
      vertex   7.500000e+01 5.050000e+01 2.000008e+00
      vertex   7.723501e+01 5.250000e+01 2.000008e+00
    endloop
  endfacet
  facet normal -0.000000e+00 -0.000000e+00 -1.000000e+00
    outer loop
      vertex   1.726528e+02 5.250000e+01 -4.440892e-15
      vertex   1.750000e+02 5.050000e+01 -4.440892e-15
      vertex   1.726112e+02 5.250000e+01 -4.440892e-15
    endloop
  endfacet
  facet normal -0.000000e+00 -0.000000e+00 -1.000000e+00
    outer loop
      vertex   1.726935e+02 5.250000e+01 -4.440892e-15
      vertex   1.750000e+02 5.050000e+01 -4.440892e-15
      vertex   1.726528e+02 5.250000e+01 -4.440892e-15
    endloop
  endfacet
  facet normal -0.000000e+00 -0.000000e+00 -1.000000e+00
    outer loop
      vertex   1.726112e+02 5.250000e+01 -4.440892e-15
      vertex   1.750000e+02 5.050000e+01 -4.440892e-15
      vertex   1.725702e+02 5.250000e+01 -4.440892e-15
    endloop
  endfacet
  facet normal -0.000000e+00 -0.000000e+00 -1.000000e+00
    outer loop
      vertex   1.727319e+02 5.250000e+01 -4.440892e-15
      vertex   1.750000e+02 5.050000e+01 -4.440892e-15
      vertex   1.726935e+02 5.250000e+01 -4.440892e-15
    endloop
  endfacet
  facet normal -0.000000e+00 -0.000000e+00 -1.000000e+00
    outer loop
      vertex   1.725702e+02 5.250000e+01 -4.440892e-15
      vertex   1.750000e+02 5.050000e+01 -4.440892e-15
      vertex   1.725312e+02 5.250000e+01 -4.440892e-15
    endloop
  endfacet
  facet normal -0.000000e+00 -0.000000e+00 -1.000000e+00
    outer loop
      vertex   1.727670e+02 5.250000e+01 -4.440892e-15
      vertex   1.750000e+02 5.050000e+01 -4.440892e-15
      vertex   1.727319e+02 5.250000e+01 -4.440892e-15
    endloop
  endfacet
  facet normal -0.000000e+00 -0.000000e+00 -1.000000e+00
    outer loop
      vertex   1.750000e+02 5.250000e+01 -4.440892e-15
      vertex   1.750000e+02 5.050000e+01 -4.440892e-15
      vertex   1.727670e+02 5.250000e+01 -4.440892e-15
    endloop
  endfacet
  facet normal -0.000000e+00 -0.000000e+00 -1.000000e+00
    outer loop
      vertex   1.725312e+02 5.250000e+01 -4.440892e-15
      vertex   1.750000e+02 5.050000e+01 -4.440892e-15
      vertex   1.724959e+02 5.250000e+01 -4.440892e-15
    endloop
  endfacet
  facet normal -0.000000e+00 0.000000e+00 -1.000000e+00
    outer loop
      vertex   8.464269e+01 5.250000e+01 7.629395e-06
      vertex   7.500000e+01 5.050000e+01 7.629395e-06
      vertex   8.462681e+01 5.250000e+01 7.629395e-06
    endloop
  endfacet
  facet normal -0.000000e+00 0.000000e+00 -1.000000e+00
    outer loop
      vertex   8.462681e+01 5.250000e+01 7.629395e-06
      vertex   7.500000e+01 5.050000e+01 7.629395e-06
      vertex   8.458785e+01 5.250000e+01 7.629395e-06
    endloop
  endfacet
  facet normal -0.000000e+00 0.000000e+00 -1.000000e+00
    outer loop
      vertex   8.458785e+01 5.250000e+01 7.629395e-06
      vertex   7.500000e+01 5.050000e+01 7.629395e-06
      vertex   8.452732e+01 5.250000e+01 7.629395e-06
    endloop
  endfacet
  facet normal -0.000000e+00 0.000000e+00 -1.000000e+00
    outer loop
      vertex   8.452732e+01 5.250000e+01 7.629395e-06
      vertex   7.500000e+01 5.050000e+01 7.629395e-06
      vertex   8.444771e+01 5.250000e+01 7.629395e-06
    endloop
  endfacet
  facet normal -0.000000e+00 0.000000e+00 -1.000000e+00
    outer loop
      vertex   8.444771e+01 5.250000e+01 7.629395e-06
      vertex   7.500000e+01 5.050000e+01 7.629395e-06
      vertex   8.435223e+01 5.250000e+01 7.629395e-06
    endloop
  endfacet
  facet normal -0.000000e+00 0.000000e+00 -1.000000e+00
    outer loop
      vertex   8.435223e+01 5.250000e+01 7.629395e-06
      vertex   7.500000e+01 5.050000e+01 7.629395e-06
      vertex   8.424466e+01 5.250000e+01 7.629395e-06
    endloop
  endfacet
  facet normal -0.000000e+00 0.000000e+00 -1.000000e+00
    outer loop
      vertex   8.424466e+01 5.250000e+01 7.629395e-06
      vertex   7.500000e+01 5.050000e+01 7.629395e-06
      vertex   8.412907e+01 5.250000e+01 7.629395e-06
    endloop
  endfacet
  facet normal -0.000000e+00 0.000000e+00 -1.000000e+00
    outer loop
      vertex   8.412907e+01 5.250000e+01 7.629395e-06
      vertex   7.500000e+01 5.050000e+01 7.629395e-06
      vertex   8.400963e+01 5.250000e+01 7.629395e-06
    endloop
  endfacet
  facet normal -0.000000e+00 0.000000e+00 -1.000000e+00
    outer loop
      vertex   8.400963e+01 5.250000e+01 7.629395e-06
      vertex   7.500000e+01 5.050000e+01 7.629395e-06
      vertex   8.389037e+01 5.250000e+01 7.629395e-06
    endloop
  endfacet
  facet normal 0.000000e+00 0.000000e+00 -1.000000e+00
    outer loop
      vertex   8.389037e+01 5.250000e+01 7.629395e-06
      vertex   7.500000e+01 5.050000e+01 7.629395e-06
      vertex   7.994540e+01 5.250000e+01 7.629395e-06
    endloop
  endfacet
  facet normal -0.000000e+00 0.000000e+00 -1.000000e+00
    outer loop
      vertex   7.994540e+01 5.250000e+01 7.629395e-06
      vertex   7.500000e+01 5.050000e+01 7.629395e-06
      vertex   7.984249e+01 5.250000e+01 7.629395e-06
    endloop
  endfacet
  facet normal -0.000000e+00 0.000000e+00 -1.000000e+00
    outer loop
      vertex   7.984249e+01 5.250000e+01 7.629395e-06
      vertex   7.500000e+01 5.050000e+01 7.629395e-06
      vertex   7.959115e+01 5.250000e+01 7.629395e-06
    endloop
  endfacet
  facet normal -0.000000e+00 0.000000e+00 -1.000000e+00
    outer loop
      vertex   7.959115e+01 5.250000e+01 7.629395e-06
      vertex   7.500000e+01 5.050000e+01 7.629395e-06
      vertex   7.921347e+01 5.250000e+01 7.629395e-06
    endloop
  endfacet
  facet normal -0.000000e+00 0.000000e+00 -1.000000e+00
    outer loop
      vertex   7.921347e+01 5.250000e+01 7.629395e-06
      vertex   7.500000e+01 5.050000e+01 7.629395e-06
      vertex   7.875510e+01 5.250000e+01 7.629395e-06
    endloop
  endfacet
  facet normal -0.000000e+00 0.000000e+00 -1.000000e+00
    outer loop
      vertex   7.875510e+01 5.250000e+01 7.629395e-06
      vertex   7.500000e+01 5.050000e+01 7.629395e-06
      vertex   7.827057e+01 5.250000e+01 7.629395e-06
    endloop
  endfacet
  facet normal -0.000000e+00 0.000000e+00 -1.000000e+00
    outer loop
      vertex   7.827057e+01 5.250000e+01 7.629395e-06
      vertex   7.500000e+01 5.050000e+01 7.629395e-06
      vertex   7.759042e+01 5.250000e+01 7.629395e-06
    endloop
  endfacet
  facet normal -0.000000e+00 0.000000e+00 -1.000000e+00
    outer loop
      vertex   7.759042e+01 5.250000e+01 7.629395e-06
      vertex   7.500000e+01 5.050000e+01 7.629395e-06
      vertex   7.758835e+01 5.250000e+01 7.629395e-06
    endloop
  endfacet
  facet normal -0.000000e+00 0.000000e+00 -1.000000e+00
    outer loop
      vertex   7.758835e+01 5.250000e+01 7.629395e-06
      vertex   7.500000e+01 5.050000e+01 7.629395e-06
      vertex   7.757849e+01 5.250000e+01 7.629395e-06
    endloop
  endfacet
  facet normal -0.000000e+00 0.000000e+00 -1.000000e+00
    outer loop
      vertex   7.757849e+01 5.250000e+01 7.629395e-06
      vertex   7.500000e+01 5.050000e+01 7.629395e-06
      vertex   7.756109e+01 5.250000e+01 7.629395e-06
    endloop
  endfacet
  facet normal -0.000000e+00 0.000000e+00 -1.000000e+00
    outer loop
      vertex   7.756109e+01 5.250000e+01 7.629395e-06
      vertex   7.500000e+01 5.050000e+01 7.629395e-06
      vertex   7.753671e+01 5.250000e+01 7.629395e-06
    endloop
  endfacet
  facet normal -0.000000e+00 0.000000e+00 -1.000000e+00
    outer loop
      vertex   7.753671e+01 5.250000e+01 7.629395e-06
      vertex   7.500000e+01 5.050000e+01 7.629395e-06
      vertex   7.750624e+01 5.250000e+01 7.629395e-06
    endloop
  endfacet
  facet normal -0.000000e+00 0.000000e+00 -1.000000e+00
    outer loop
      vertex   7.750624e+01 5.250000e+01 7.629395e-06
      vertex   7.500000e+01 5.050000e+01 7.629395e-06
      vertex   7.747086e+01 5.250000e+01 7.629395e-06
    endloop
  endfacet
  facet normal -0.000000e+00 0.000000e+00 -1.000000e+00
    outer loop
      vertex   7.747086e+01 5.250000e+01 7.629395e-06
      vertex   7.500000e+01 5.050000e+01 7.629395e-06
      vertex   7.743190e+01 5.250000e+01 7.629395e-06
    endloop
  endfacet
  facet normal -0.000000e+00 0.000000e+00 -1.000000e+00
    outer loop
      vertex   7.743190e+01 5.250000e+01 7.629395e-06
      vertex   7.500000e+01 5.050000e+01 7.629395e-06
      vertex   7.739087e+01 5.250000e+01 7.629395e-06
    endloop
  endfacet
  facet normal -0.000000e+00 0.000000e+00 -1.000000e+00
    outer loop
      vertex   7.739087e+01 5.250000e+01 7.629395e-06
      vertex   7.500000e+01 5.050000e+01 7.629395e-06
      vertex   7.734926e+01 5.250000e+01 7.629395e-06
    endloop
  endfacet
  facet normal -0.000000e+00 0.000000e+00 -1.000000e+00
    outer loop
      vertex   7.734926e+01 5.250000e+01 7.629395e-06
      vertex   7.500000e+01 5.050000e+01 7.629395e-06
      vertex   7.730855e+01 5.250000e+01 7.629395e-06
    endloop
  endfacet
  facet normal -0.000000e+00 0.000000e+00 -1.000000e+00
    outer loop
      vertex   7.730855e+01 5.250000e+01 7.629395e-06
      vertex   7.500000e+01 5.050000e+01 7.629395e-06
      vertex   7.727007e+01 5.250000e+01 7.629395e-06
    endloop
  endfacet
  facet normal -0.000000e+00 0.000000e+00 -1.000000e+00
    outer loop
      vertex   7.727007e+01 5.250000e+01 7.629395e-06
      vertex   7.500000e+01 5.050000e+01 7.629395e-06
      vertex   7.723501e+01 5.250000e+01 7.629395e-06
    endloop
  endfacet
  facet normal -0.000000e+00 0.000000e+00 -1.000000e+00
    outer loop
      vertex   7.723501e+01 5.250000e+01 7.629395e-06
      vertex   7.500000e+01 5.050000e+01 7.629395e-06
      vertex   7.500000e+01 5.250000e+01 7.629395e-06
    endloop
  endfacet
  facet normal 0.000000e+00 -0.000000e+00 1.000000e+00
    outer loop
      vertex   1.770000e+02 5.050000e+01 4.400000e+01
      vertex   1.770000e+02 5.250000e+01 4.400000e+01
      vertex   1.750400e+02 5.250000e+01 4.400000e+01
    endloop
  endfacet
  facet normal 0.000000e+00 0.000000e+00 1.000000e+00
    outer loop
      vertex   1.770000e+02 5.050000e+01 4.400000e+01
      vertex   1.750400e+02 5.250000e+01 4.400000e+01
      vertex   1.750000e+02 5.050000e+01 4.400000e+01
    endloop
  endfacet
  facet normal 9.899499e-01 0.000000e+00 -1.414185e-01
    outer loop
      vertex   1.769063e+02 5.050000e+01 8.437538e-01
      vertex   1.769063e+02 5.250000e+01 8.437538e-01
      vertex   1.769981e+02 5.250000e+01 1.486879e+00
    endloop
  endfacet
  facet normal 9.899495e-01 9.440876e-07 -1.414214e-01
    outer loop
      vertex   1.769063e+02 5.050000e+01 8.437538e-01
      vertex   1.769981e+02 5.250000e+01 1.486879e+00
      vertex   1.770000e+02 5.050000e+01 1.500004e+00
    endloop
  endfacet
  facet normal 8.574945e-01 0.000000e+00 -5.144931e-01
    outer loop
      vertex   1.766250e+02 5.050000e+01 3.750038e-01
      vertex   1.766250e+02 5.250000e+01 3.750038e-01
      vertex   1.769006e+02 5.250000e+01 8.343792e-01
    endloop
  endfacet
  facet normal 8.574929e-01 8.177674e-07 -5.144958e-01
    outer loop
      vertex   1.766250e+02 5.050000e+01 3.750038e-01
      vertex   1.769006e+02 5.250000e+01 8.343792e-01
      vertex   1.769063e+02 5.050000e+01 8.437538e-01
    endloop
  endfacet
  facet normal 5.144973e-01 0.000000e+00 -8.574920e-01
    outer loop
      vertex   1.761563e+02 5.050000e+01 9.375382e-02
      vertex   1.761563e+02 5.250000e+01 9.375382e-02
      vertex   1.766156e+02 5.250000e+01 3.693790e-01
    endloop
  endfacet
  facet normal 5.144958e-01 4.906605e-07 -8.574929e-01
    outer loop
      vertex   1.761563e+02 5.050000e+01 9.375382e-02
      vertex   1.766156e+02 5.250000e+01 3.693790e-01
      vertex   1.766250e+02 5.050000e+01 3.750038e-01
    endloop
  endfacet
  facet normal 1.414218e-01 0.000000e+00 -9.899494e-01
    outer loop
      vertex   1.755000e+02 5.050000e+01 3.814697e-06
      vertex   1.755000e+02 5.250000e+01 3.814697e-06
      vertex   1.761431e+02 5.250000e+01 9.187889e-02
    endloop
  endfacet
  facet normal 1.414214e-01 1.348697e-07 -9.899495e-01
    outer loop
      vertex   1.755000e+02 5.050000e+01 3.814697e-06
      vertex   1.761431e+02 5.250000e+01 9.187889e-02
      vertex   1.761563e+02 5.050000e+01 9.375382e-02
    endloop
  endfacet
  facet normal 1.000000e+00 -4.537865e-08 1.859606e-07
    outer loop
      vertex   1.770000e+02 5.050000e+01 1.500004e+00
      vertex   1.770000e+02 5.250000e+01 1.988050e+00
      vertex   1.770000e+02 5.250000e+01 4.301498e+01
    endloop
  endfacet
  facet normal 1.000000e+00 8.841299e-08 1.795152e-07
    outer loop
      vertex   1.770000e+02 5.050000e+01 1.500004e+00
      vertex   1.770000e+02 5.250000e+01 4.301498e+01
      vertex   1.770000e+02 5.050000e+01 4.400000e+01
    endloop
  endfacet
  facet normal -1.000000e+00 -2.309497e-08 -1.796211e-07
    outer loop
      vertex   1.750000e+02 5.050000e+01 4.400000e+01
      vertex   1.750000e+02 5.250000e+01 4.374285e+01
      vertex   1.750000e+02 5.250000e+01 1.267912e+00
    endloop
  endfacet
  facet normal -1.000000e+00 1.099245e-07 -1.733953e-07
    outer loop
      vertex   1.750000e+02 5.050000e+01 4.400000e+01
      vertex   1.750000e+02 5.250000e+01 1.267912e+00
      vertex   1.750000e+02 5.050000e+01 3.814697e-06
    endloop
  endfacet
  facet normal 0.000000e+00 0.000000e+00 -1.000000e+00
    outer loop
      vertex   1.750000e+02 5.050000e+01 3.814697e-06
      vertex   1.750000e+02 5.250000e+01 3.814697e-06
      vertex   1.754900e+02 5.250000e+01 3.814697e-06
    endloop
  endfacet
  facet normal 0.000000e+00 0.000000e+00 -1.000000e+00
    outer loop
      vertex   1.750000e+02 5.050000e+01 3.814697e-06
      vertex   1.754900e+02 5.250000e+01 3.814697e-06
      vertex   1.755000e+02 5.050000e+01 3.814697e-06
    endloop
  endfacet
  facet normal 0.000000e+00 -0.000000e+00 1.000000e+00
    outer loop
      vertex   7.500000e+01 5.050000e+01 5.000008e+00
      vertex   7.500000e+01 5.250000e+01 5.000008e+00
      vertex   7.303999e+01 5.250000e+01 5.000008e+00
    endloop
  endfacet
  facet normal 0.000000e+00 0.000000e+00 1.000000e+00
    outer loop
      vertex   7.500000e+01 5.050000e+01 5.000008e+00
      vertex   7.303999e+01 5.250000e+01 5.000008e+00
      vertex   7.299999e+01 5.050000e+01 5.000008e+00
    endloop
  endfacet
  facet normal 8.715929e-02 -0.000000e+00 9.961944e-01
    outer loop
      vertex   7.799999e+01 5.050000e+01 2.000006e+00
      vertex   7.799999e+01 5.250000e+01 2.000006e+00
      vertex   7.748948e+01 5.250000e+01 2.044672e+00
    endloop
  endfacet
  facet normal 8.715971e-02 1.092526e-07 9.961944e-01
    outer loop
      vertex   7.799999e+01 5.050000e+01 2.000006e+00
      vertex   7.748948e+01 5.250000e+01 2.044672e+00
      vertex   7.747906e+01 5.050000e+01 2.045584e+00
    endloop
  endfacet
  facet normal 2.588177e-01 -0.000000e+00 9.659262e-01
    outer loop
      vertex   7.747906e+01 5.050000e+01 2.045584e+00
      vertex   7.747906e+01 5.250000e+01 2.045584e+00
      vertex   7.698404e+01 5.250000e+01 2.178223e+00
    endloop
  endfacet
  facet normal 2.588175e-01 -4.601243e-08 9.659262e-01
    outer loop
      vertex   7.747906e+01 5.050000e+01 2.045584e+00
      vertex   7.698404e+01 5.250000e+01 2.178223e+00
      vertex   7.697394e+01 5.050000e+01 2.180929e+00
    endloop
  endfacet
  facet normal 4.226196e-01 -0.000000e+00 9.063072e-01
    outer loop
      vertex   7.697394e+01 5.050000e+01 2.180929e+00
      vertex   7.697394e+01 5.250000e+01 2.180929e+00
      vertex   7.650948e+01 5.250000e+01 2.397511e+00
    endloop
  endfacet
  facet normal 4.226179e-01 -4.723730e-07 9.063080e-01
    outer loop
      vertex   7.697394e+01 5.050000e+01 2.180929e+00
      vertex   7.650948e+01 5.250000e+01 2.397511e+00
      vertex   7.650000e+01 5.050000e+01 2.401930e+00
    endloop
  endfacet
  facet normal 5.735717e-01 -0.000000e+00 8.191553e-01
    outer loop
      vertex   7.650000e+01 5.050000e+01 2.401930e+00
      vertex   7.650000e+01 5.250000e+01 2.401930e+00
      vertex   7.608020e+01 5.250000e+01 2.695873e+00
    endloop
  endfacet
  facet normal 5.735710e-01 -2.250254e-07 8.191558e-01
    outer loop
      vertex   7.650000e+01 5.050000e+01 2.401930e+00
      vertex   7.608020e+01 5.250000e+01 2.695873e+00
      vertex   7.607163e+01 5.050000e+01 2.701872e+00
    endloop
  endfacet
  facet normal 7.071124e-01 -0.000000e+00 7.071012e-01
    outer loop
      vertex   7.607163e+01 5.050000e+01 2.701872e+00
      vertex   7.607163e+01 5.250000e+01 2.701872e+00
      vertex   7.570926e+01 5.250000e+01 3.064247e+00
    endloop
  endfacet
  facet normal 7.071104e-01 -7.013263e-07 7.071031e-01
    outer loop
      vertex   7.607163e+01 5.050000e+01 2.701872e+00
      vertex   7.570926e+01 5.250000e+01 3.064247e+00
      vertex   7.570187e+01 5.050000e+01 3.071642e+00
    endloop
  endfacet
  facet normal 8.191546e-01 -0.000000e+00 5.735727e-01
    outer loop
      vertex   7.570187e+01 5.050000e+01 3.071642e+00
      vertex   7.570187e+01 5.250000e+01 3.071642e+00
      vertex   7.540793e+01 5.250000e+01 3.491438e+00
    endloop
  endfacet
  facet normal 8.191534e-01 -5.343010e-07 5.735745e-01
    outer loop
      vertex   7.570187e+01 5.050000e+01 3.071642e+00
      vertex   7.540793e+01 5.250000e+01 3.491438e+00
      vertex   7.540193e+01 5.050000e+01 3.500006e+00
    endloop
  endfacet
  facet normal 9.063093e-01 -0.000000e+00 4.226151e-01
    outer loop
      vertex   7.540193e+01 5.050000e+01 3.500006e+00
      vertex   7.540193e+01 5.250000e+01 3.500006e+00
      vertex   7.518535e+01 5.250000e+01 3.964466e+00
    endloop
  endfacet
  facet normal 9.063080e-01 -7.949919e-07 4.226179e-01
    outer loop
      vertex   7.540193e+01 5.050000e+01 3.500006e+00
      vertex   7.518535e+01 5.250000e+01 3.964466e+00
      vertex   7.518092e+01 5.050000e+01 3.973944e+00
    endloop
  endfacet
  facet normal 9.659269e-01 -0.000000e+00 2.588151e-01
    outer loop
      vertex   7.518092e+01 5.050000e+01 3.973944e+00
      vertex   7.518092e+01 5.250000e+01 3.973944e+00
      vertex   7.504829e+01 5.250000e+01 4.468960e+00
    endloop
  endfacet
  facet normal 9.659260e-01 -8.702321e-07 2.588184e-01
    outer loop
      vertex   7.518092e+01 5.050000e+01 3.973944e+00
      vertex   7.504829e+01 5.250000e+01 4.468960e+00
      vertex   7.504558e+01 5.050000e+01 4.479061e+00
    endloop
  endfacet
  facet normal 9.961946e-01 -0.000000e+00 8.715735e-02
    outer loop
      vertex   7.504558e+01 5.050000e+01 4.479061e+00
      vertex   7.504558e+01 5.250000e+01 4.479061e+00
      vertex   7.500091e+01 5.250000e+01 4.989590e+00
    endloop
  endfacet
  facet normal 9.961945e-01 -1.192263e-07 8.715781e-02
    outer loop
      vertex   7.504558e+01 5.050000e+01 4.479061e+00
      vertex   7.500091e+01 5.250000e+01 4.989590e+00
      vertex   7.500000e+01 5.050000e+01 5.000008e+00
    endloop
  endfacet
  facet normal -1.000000e+00 0.000000e+00 0.000000e+00
    outer loop
      vertex   7.299999e+01 5.050000e+01 5.000008e+00
      vertex   7.299999e+01 5.250000e+01 5.000008e+00
      vertex   7.299999e+01 5.250000e+01 1.864008e+00
    endloop
  endfacet
  facet normal -1.000000e+00 0.000000e+00 0.000000e+00
    outer loop
      vertex   7.299999e+01 5.050000e+01 5.000008e+00
      vertex   7.299999e+01 5.250000e+01 1.864008e+00
      vertex   7.299999e+01 5.050000e+01 1.800009e+00
    endloop
  endfacet
  facet normal 0.000000e+00 0.000000e+00 -1.000000e+00
    outer loop
      vertex   7.799999e+01 5.050000e+01 1.800009e+00
      vertex   7.299999e+01 5.050000e+01 1.800009e+00
      vertex   7.309999e+01 5.250000e+01 1.800009e+00
    endloop
  endfacet
  facet normal 0.000000e+00 0.000000e+00 -1.000000e+00
    outer loop
      vertex   7.799999e+01 5.050000e+01 1.800009e+00
      vertex   7.309999e+01 5.250000e+01 1.800009e+00
      vertex   7.799999e+01 5.250000e+01 1.800009e+00
    endloop
  endfacet
  facet normal 1.000000e+00 0.000000e+00 0.000000e+00
    outer loop
      vertex   7.799999e+01 5.050000e+01 1.800009e+00
      vertex   7.799999e+01 5.250000e+01 1.800009e+00
      vertex   7.799999e+01 5.250000e+01 1.996006e+00
    endloop
  endfacet
  facet normal 1.000000e+00 0.000000e+00 0.000000e+00
    outer loop
      vertex   7.799999e+01 5.050000e+01 1.800009e+00
      vertex   7.799999e+01 5.250000e+01 1.996006e+00
      vertex   7.799999e+01 5.050000e+01 2.000006e+00
    endloop
  endfacet
  facet normal 1.000000e+00 0.000000e+00 0.000000e+00
    outer loop
      vertex   1.770000e+02 5.050000e+01 5.000010e+00
      vertex   1.770000e+02 5.050000e+01 1.800009e+00
      vertex   1.770000e+02 5.250000e+01 1.864008e+00
    endloop
  endfacet
  facet normal 1.000000e+00 -0.000000e+00 0.000000e+00
    outer loop
      vertex   1.770000e+02 5.050000e+01 5.000010e+00
      vertex   1.770000e+02 5.250000e+01 1.864008e+00
      vertex   1.770000e+02 5.250000e+01 5.000010e+00
    endloop
  endfacet
  facet normal 0.000000e+00 0.000000e+00 1.000000e+00
    outer loop
      vertex   1.750000e+02 5.050000e+01 5.000010e+00
      vertex   1.770000e+02 5.050000e+01 5.000010e+00
      vertex   1.769600e+02 5.250000e+01 5.000010e+00
    endloop
  endfacet
  facet normal 0.000000e+00 0.000000e+00 1.000000e+00
    outer loop
      vertex   1.750000e+02 5.050000e+01 5.000010e+00
      vertex   1.769600e+02 5.250000e+01 5.000010e+00
      vertex   1.750000e+02 5.250000e+01 5.000010e+00
    endloop
  endfacet
  facet normal -1.000000e+00 0.000000e+00 0.000000e+00
    outer loop
      vertex   1.720000e+02 5.050000e+01 1.800009e+00
      vertex   1.720000e+02 5.050000e+01 2.000006e+00
      vertex   1.720000e+02 5.250000e+01 1.996006e+00
    endloop
  endfacet
  facet normal -1.000000e+00 0.000000e+00 0.000000e+00
    outer loop
      vertex   1.720000e+02 5.050000e+01 1.800009e+00
      vertex   1.720000e+02 5.250000e+01 1.996006e+00
      vertex   1.720000e+02 5.250000e+01 1.800009e+00
    endloop
  endfacet
  facet normal 0.000000e+00 0.000000e+00 -1.000000e+00
    outer loop
      vertex   1.770000e+02 5.050000e+01 1.800009e+00
      vertex   1.720000e+02 5.050000e+01 1.800009e+00
      vertex   1.721000e+02 5.250000e+01 1.800009e+00
    endloop
  endfacet
  facet normal 0.000000e+00 0.000000e+00 -1.000000e+00
    outer loop
      vertex   1.770000e+02 5.050000e+01 1.800009e+00
      vertex   1.721000e+02 5.250000e+01 1.800009e+00
      vertex   1.770000e+02 5.250000e+01 1.800009e+00
    endloop
  endfacet
  facet normal -8.715229e-02 1.481978e-07 9.961950e-01
    outer loop
      vertex   1.720000e+02 5.050000e+01 2.000006e+00
      vertex   1.725210e+02 5.050000e+01 2.045582e+00
      vertex   1.725105e+02 5.250000e+01 2.044670e+00
    endloop
  endfacet
  facet normal -8.715171e-02 0.000000e+00 9.961951e-01
    outer loop
      vertex   1.720000e+02 5.050000e+01 2.000006e+00
      vertex   1.725105e+02 5.250000e+01 2.044670e+00
      vertex   1.720000e+02 5.250000e+01 2.000006e+00
    endloop
  endfacet
  facet normal -2.588212e-01 -6.575657e-08 9.659253e-01
    outer loop
      vertex   1.725210e+02 5.050000e+01 2.045582e+00
      vertex   1.730261e+02 5.050000e+01 2.180927e+00
      vertex   1.730160e+02 5.250000e+01 2.178221e+00
    endloop
  endfacet
  facet normal -2.588214e-01 0.000000e+00 9.659252e-01
    outer loop
      vertex   1.725210e+02 5.050000e+01 2.045582e+00
      vertex   1.730160e+02 5.250000e+01 2.178221e+00
      vertex   1.725210e+02 5.250000e+01 2.045582e+00
    endloop
  endfacet
  facet normal -4.226209e-01 -4.896582e-07 9.063066e-01
    outer loop
      vertex   1.730261e+02 5.050000e+01 2.180927e+00
      vertex   1.735000e+02 5.050000e+01 2.401930e+00
      vertex   1.734905e+02 5.250000e+01 2.397511e+00
    endloop
  endfacet
  facet normal -4.226226e-01 0.000000e+00 9.063058e-01
    outer loop
      vertex   1.730261e+02 5.050000e+01 2.180927e+00
      vertex   1.734905e+02 5.250000e+01 2.397511e+00
      vertex   1.730261e+02 5.250000e+01 2.180927e+00
    endloop
  endfacet
  facet normal -5.735710e-01 -2.250245e-07 8.191558e-01
    outer loop
      vertex   1.735000e+02 5.050000e+01 2.401930e+00
      vertex   1.739284e+02 5.050000e+01 2.701872e+00
      vertex   1.739198e+02 5.250000e+01 2.695873e+00
    endloop
  endfacet
  facet normal -5.735717e-01 0.000000e+00 8.191553e-01
    outer loop
      vertex   1.735000e+02 5.050000e+01 2.401930e+00
      vertex   1.739198e+02 5.250000e+01 2.695873e+00
      vertex   1.735000e+02 5.250000e+01 2.401930e+00
    endloop
  endfacet
  facet normal -7.071123e-01 -7.148112e-07 7.071013e-01
    outer loop
      vertex   1.739284e+02 5.050000e+01 2.701872e+00
      vertex   1.742981e+02 5.050000e+01 3.071644e+00
      vertex   1.742907e+02 5.250000e+01 3.064249e+00
    endloop
  endfacet
  facet normal -7.071142e-01 0.000000e+00 7.070993e-01
    outer loop
      vertex   1.739284e+02 5.050000e+01 2.701872e+00
      vertex   1.742907e+02 5.250000e+01 3.064249e+00
      vertex   1.739284e+02 5.250000e+01 2.701872e+00
    endloop
  endfacet
  facet normal -8.191522e-01 -5.233575e-07 5.735762e-01
    outer loop
      vertex   1.742981e+02 5.050000e+01 3.071644e+00
      vertex   1.745981e+02 5.050000e+01 3.500006e+00
      vertex   1.745921e+02 5.250000e+01 3.491438e+00
    endloop
  endfacet
  facet normal -8.191534e-01 0.000000e+00 5.735745e-01
    outer loop
      vertex   1.742981e+02 5.050000e+01 3.071644e+00
      vertex   1.745921e+02 5.250000e+01 3.491438e+00
      vertex   1.742981e+02 5.250000e+01 3.071644e+00
    endloop
  endfacet
  facet normal -9.063086e-01 -8.030492e-07 4.226165e-01
    outer loop
      vertex   1.745981e+02 5.050000e+01 3.500006e+00
      vertex   1.748191e+02 5.050000e+01 3.973946e+00
      vertex   1.748147e+02 5.250000e+01 3.964468e+00
    endloop
  endfacet
  facet normal -9.063099e-01 0.000000e+00 4.226136e-01
    outer loop
      vertex   1.745981e+02 5.050000e+01 3.500006e+00
      vertex   1.748147e+02 5.250000e+01 3.964468e+00
      vertex   1.745981e+02 5.250000e+01 3.500006e+00
    endloop
  endfacet
  facet normal -9.659257e-01 -8.652925e-07 2.588193e-01
    outer loop
      vertex   1.748191e+02 5.050000e+01 3.973946e+00
      vertex   1.749544e+02 5.050000e+01 4.479061e+00
      vertex   1.749517e+02 5.250000e+01 4.468960e+00
    endloop
  endfacet
  facet normal -9.659266e-01 0.000000e+00 2.588161e-01
    outer loop
      vertex   1.748191e+02 5.050000e+01 3.973946e+00
      vertex   1.749517e+02 5.250000e+01 4.468960e+00
      vertex   1.748191e+02 5.250000e+01 3.973946e+00
    endloop
  endfacet
  facet normal -9.961945e-01 -1.208881e-07 8.715749e-02
    outer loop
      vertex   1.749544e+02 5.050000e+01 4.479061e+00
      vertex   1.750000e+02 5.050000e+01 5.000010e+00
      vertex   1.749991e+02 5.250000e+01 4.989592e+00
    endloop
  endfacet
  facet normal -9.961946e-01 0.000000e+00 8.715702e-02
    outer loop
      vertex   1.749544e+02 5.050000e+01 4.479061e+00
      vertex   1.749991e+02 5.250000e+01 4.989592e+00
      vertex   1.749544e+02 5.250000e+01 4.479061e+00
    endloop
  endfacet
  facet normal 0.000000e+00 -0.000000e+00 1.000000e+00
    outer loop
      vertex   7.500000e+01 5.050000e+01 4.400001e+01
      vertex   7.500000e+01 5.250000e+01 4.400001e+01
      vertex   7.304000e+01 5.250000e+01 4.400001e+01
    endloop
  endfacet
  facet normal 0.000000e+00 0.000000e+00 1.000000e+00
    outer loop
      vertex   7.500000e+01 5.050000e+01 4.400001e+01
      vertex   7.304000e+01 5.250000e+01 4.400001e+01
      vertex   7.300000e+01 5.050000e+01 4.400001e+01
    endloop
  endfacet
  facet normal 1.000000e+00 -4.850112e-08 1.796211e-07
    outer loop
      vertex   7.500001e+01 5.050000e+01 1.144409e-05
      vertex   7.500001e+01 5.250000e+01 5.400486e-01
      vertex   7.500000e+01 5.250000e+01 4.301499e+01
    endloop
  endfacet
  facet normal 1.000000e+00 8.539907e-08 1.733953e-07
    outer loop
      vertex   7.500001e+01 5.050000e+01 1.144409e-05
      vertex   7.500000e+01 5.250000e+01 4.301499e+01
      vertex   7.500000e+01 5.050000e+01 4.400001e+01
    endloop
  endfacet
  facet normal -1.000000e+00 -8.841315e-08 -1.795152e-07
    outer loop
      vertex   7.300001e+01 5.050000e+01 1.500011e+00
      vertex   7.300000e+01 5.050000e+01 4.400001e+01
      vertex   7.300000e+01 5.250000e+01 4.301499e+01
    endloop
  endfacet
  facet normal -1.000000e+00 4.537882e-08 -1.859606e-07
    outer loop
      vertex   7.300001e+01 5.050000e+01 1.500011e+00
      vertex   7.300000e+01 5.250000e+01 4.301499e+01
      vertex   7.300001e+01 5.250000e+01 1.988058e+00
    endloop
  endfacet
  facet normal 0.000000e+00 0.000000e+00 -1.000000e+00
    outer loop
      vertex   7.450001e+01 5.050000e+01 1.144409e-05
      vertex   7.450001e+01 5.250000e+01 1.144409e-05
      vertex   7.499001e+01 5.250000e+01 1.144409e-05
    endloop
  endfacet
  facet normal 0.000000e+00 0.000000e+00 -1.000000e+00
    outer loop
      vertex   7.450001e+01 5.050000e+01 1.144409e-05
      vertex   7.499001e+01 5.250000e+01 1.144409e-05
      vertex   7.500001e+01 5.050000e+01 1.144409e-05
    endloop
  endfacet
  facet normal -9.899499e-01 0.000000e+00 -1.414185e-01
    outer loop
      vertex   7.300001e+01 5.050000e+01 1.500011e+00
      vertex   7.300001e+01 5.250000e+01 1.500011e+00
      vertex   7.309188e+01 5.250000e+01 8.568859e-01
    endloop
  endfacet
  facet normal -9.899495e-01 -9.440912e-07 -1.414214e-01
    outer loop
      vertex   7.300001e+01 5.050000e+01 1.500011e+00
      vertex   7.309188e+01 5.250000e+01 8.568859e-01
      vertex   7.309376e+01 5.050000e+01 8.437615e-01
    endloop
  endfacet
  facet normal -8.574945e-01 0.000000e+00 -5.144931e-01
    outer loop
      vertex   7.309376e+01 5.050000e+01 8.437615e-01
      vertex   7.309376e+01 5.250000e+01 8.437615e-01
      vertex   7.336938e+01 5.250000e+01 3.843861e-01
    endloop
  endfacet
  facet normal -8.574929e-01 -8.177705e-07 -5.144958e-01
    outer loop
      vertex   7.309376e+01 5.050000e+01 8.437615e-01
      vertex   7.336938e+01 5.250000e+01 3.843861e-01
      vertex   7.337501e+01 5.050000e+01 3.750114e-01
    endloop
  endfacet
  facet normal -5.144973e-01 0.000000e+00 -8.574920e-01
    outer loop
      vertex   7.337501e+01 5.050000e+01 3.750114e-01
      vertex   7.337501e+01 5.250000e+01 3.750114e-01
      vertex   7.383438e+01 5.250000e+01 9.938622e-02
    endloop
  endfacet
  facet normal -5.144958e-01 -4.906623e-07 -8.574929e-01
    outer loop
      vertex   7.337501e+01 5.050000e+01 3.750114e-01
      vertex   7.383438e+01 5.250000e+01 9.938622e-02
      vertex   7.384376e+01 5.050000e+01 9.376145e-02
    endloop
  endfacet
  facet normal -1.414218e-01 0.000000e+00 -9.899494e-01
    outer loop
      vertex   7.384376e+01 5.050000e+01 9.376145e-02
      vertex   7.384376e+01 5.250000e+01 9.376145e-02
      vertex   7.448688e+01 5.250000e+01 1.886368e-03
    endloop
  endfacet
  facet normal -1.414214e-01 -1.348702e-07 -9.899495e-01
    outer loop
      vertex   7.384376e+01 5.050000e+01 9.376145e-02
      vertex   7.448688e+01 5.250000e+01 1.886368e-03
      vertex   7.450001e+01 5.050000e+01 1.144409e-05
    endloop
  endfacet
  facet normal -1.000000e+00 0.000000e+00 0.000000e+00
    outer loop
      vertex   7.500000e+01 5.050000e+01 2.000008e+00
      vertex   7.500000e+01 5.250000e+01 2.000008e+00
      vertex   7.500000e+01 5.250000e+01 4.000664e-02
    endloop
  endfacet
  facet normal -1.000000e+00 0.000000e+00 0.000000e+00
    outer loop
      vertex   7.500000e+01 5.050000e+01 2.000008e+00
      vertex   7.500000e+01 5.250000e+01 4.000664e-02
      vertex   7.500000e+01 5.050000e+01 7.629395e-06
    endloop
  endfacet
  facet normal 1.000000e+00 0.000000e+00 0.000000e+00
    outer loop
      vertex   1.750000e+02 5.050000e+01 -4.440892e-15
      vertex   1.750000e+02 5.250000e+01 -4.440892e-15
      vertex   1.750000e+02 5.250000e+01 1.959999e+00
    endloop
  endfacet
  facet normal 1.000000e+00 0.000000e+00 0.000000e+00
    outer loop
      vertex   1.750000e+02 5.050000e+01 -4.440892e-15
      vertex   1.750000e+02 5.250000e+01 1.959999e+00
      vertex   1.750000e+02 5.050000e+01 2.000000e+00
    endloop
  endfacet
  facet normal 8.684256e-08 1.087332e-07 1.000000e+00
    outer loop
      vertex   1.750000e+02 5.050000e+01 2.000000e+00
      vertex   1.724959e+02 5.250000e+01 2.000000e+00
      vertex   8.464269e+01 5.250000e+01 2.000008e+00
    endloop
  endfacet
  facet normal 7.629395e-08 -3.678392e-07 1.000000e+00
    outer loop
      vertex   1.750000e+02 5.050000e+01 2.000000e+00
      vertex   8.464269e+01 5.250000e+01 2.000008e+00
      vertex   7.500000e+01 5.050000e+01 2.000008e+00
    endloop
  endfacet
  facet normal -7.629395e-08 3.678392e-07 -1.000000e+00
    outer loop
      vertex   1.750000e+02 5.050000e+01 -4.440892e-15
      vertex   7.500000e+01 5.050000e+01 7.629395e-06
      vertex   8.464269e+01 5.250000e+01 7.629395e-06
    endloop
  endfacet
  facet normal -8.684256e-08 -1.087332e-07 -1.000000e+00
    outer loop
      vertex   1.750000e+02 5.050000e+01 -4.440892e-15
      vertex   8.464269e+01 5.250000e+01 7.629395e-06
      vertex   1.724959e+02 5.250000e+01 -4.440892e-15
    endloop
  endfacet
  facet normal -0.000000e+00 1.000000e+00 0.000000e+00
    outer loop
      vertex   1.750000e+02 5.250000e+01 4.375147e+01
      vertex   1.770000e+02 5.250000e+01 4.375147e+01
      vertex   1.750000e+02 5.250000e+01 4.374723e+01
    endloop
  endfacet
  facet normal 0.000000e+00 1.000000e+00 -0.000000e+00
    outer loop
      vertex   1.770000e+02 5.250000e+01 4.375147e+01
      vertex   1.750000e+02 5.250000e+01 4.375147e+01
      vertex   1.770000e+02 5.250000e+01 4.375556e+01
    endloop
  endfacet
  facet normal -0.000000e+00 1.000000e+00 0.000000e+00
    outer loop
      vertex   1.750000e+02 5.250000e+01 4.375952e+01
      vertex   1.770000e+02 5.250000e+01 4.375952e+01
      vertex   1.750000e+02 5.250000e+01 4.375556e+01
    endloop
  endfacet
  facet normal 0.000000e+00 1.000000e+00 -0.000000e+00
    outer loop
      vertex   1.770000e+02 5.250000e+01 4.375952e+01
      vertex   1.750000e+02 5.250000e+01 4.375952e+01
      vertex   1.770000e+02 5.250000e+01 4.376336e+01
    endloop
  endfacet
  facet normal 0.000000e+00 1.000000e+00 0.000000e+00
    outer loop
      vertex   1.750400e+02 5.250000e+01 4.400000e+01
      vertex   1.770000e+02 5.250000e+01 4.376336e+01
      vertex   1.750000e+02 5.250000e+01 4.376336e+01
    endloop
  endfacet
  facet normal 0.000000e+00 1.000000e+00 0.000000e+00
    outer loop
      vertex   1.750400e+02 5.250000e+01 4.400000e+01
      vertex   1.770000e+02 5.250000e+01 4.376707e+01
      vertex   1.770000e+02 5.250000e+01 4.376336e+01
    endloop
  endfacet
  facet normal 0.000000e+00 1.000000e+00 0.000000e+00
    outer loop
      vertex   1.750400e+02 5.250000e+01 4.400000e+01
      vertex   1.770000e+02 5.250000e+01 4.377067e+01
      vertex   1.770000e+02 5.250000e+01 4.376707e+01
    endloop
  endfacet
  facet normal 0.000000e+00 1.000000e+00 0.000000e+00
    outer loop
      vertex   1.750400e+02 5.250000e+01 4.400000e+01
      vertex   1.770000e+02 5.250000e+01 4.377416e+01
      vertex   1.770000e+02 5.250000e+01 4.377067e+01
    endloop
  endfacet
  facet normal 0.000000e+00 1.000000e+00 0.000000e+00
    outer loop
      vertex   1.750400e+02 5.250000e+01 4.400000e+01
      vertex   1.770000e+02 5.250000e+01 4.377755e+01
      vertex   1.770000e+02 5.250000e+01 4.377416e+01
    endloop
  endfacet
  facet normal 0.000000e+00 1.000000e+00 0.000000e+00
    outer loop
      vertex   1.750400e+02 5.250000e+01 4.400000e+01
      vertex   1.770000e+02 5.250000e+01 4.378083e+01
      vertex   1.770000e+02 5.250000e+01 4.377755e+01
    endloop
  endfacet
  facet normal 0.000000e+00 1.000000e+00 0.000000e+00
    outer loop
      vertex   1.750400e+02 5.250000e+01 4.400000e+01
      vertex   1.770000e+02 5.250000e+01 4.378402e+01
      vertex   1.770000e+02 5.250000e+01 4.378083e+01
    endloop
  endfacet
  facet normal 0.000000e+00 1.000000e+00 0.000000e+00
    outer loop
      vertex   1.750400e+02 5.250000e+01 4.400000e+01
      vertex   1.770000e+02 5.250000e+01 4.378712e+01
      vertex   1.770000e+02 5.250000e+01 4.378402e+01
    endloop
  endfacet
  facet normal 0.000000e+00 1.000000e+00 0.000000e+00
    outer loop
      vertex   1.750400e+02 5.250000e+01 4.400000e+01
      vertex   1.770000e+02 5.250000e+01 4.379014e+01
      vertex   1.770000e+02 5.250000e+01 4.378712e+01
    endloop
  endfacet
  facet normal 0.000000e+00 1.000000e+00 0.000000e+00
    outer loop
      vertex   1.750400e+02 5.250000e+01 4.400000e+01
      vertex   1.770000e+02 5.250000e+01 4.379306e+01
      vertex   1.770000e+02 5.250000e+01 4.379014e+01
    endloop
  endfacet
  facet normal 0.000000e+00 1.000000e+00 0.000000e+00
    outer loop
      vertex   1.750400e+02 5.250000e+01 4.400000e+01
      vertex   1.770000e+02 5.250000e+01 4.379591e+01
      vertex   1.770000e+02 5.250000e+01 4.379306e+01
    endloop
  endfacet
  facet normal 0.000000e+00 1.000000e+00 0.000000e+00
    outer loop
      vertex   1.750400e+02 5.250000e+01 4.400000e+01
      vertex   1.770000e+02 5.250000e+01 4.379868e+01
      vertex   1.770000e+02 5.250000e+01 4.379591e+01
    endloop
  endfacet
  facet normal 0.000000e+00 1.000000e+00 0.000000e+00
    outer loop
      vertex   1.750400e+02 5.250000e+01 4.400000e+01
      vertex   1.770000e+02 5.250000e+01 4.380137e+01
      vertex   1.770000e+02 5.250000e+01 4.379868e+01
    endloop
  endfacet
  facet normal 0.000000e+00 1.000000e+00 0.000000e+00
    outer loop
      vertex   1.750400e+02 5.250000e+01 4.400000e+01
      vertex   1.770000e+02 5.250000e+01 4.380400e+01
      vertex   1.770000e+02 5.250000e+01 4.380137e+01
    endloop
  endfacet
  facet normal 0.000000e+00 1.000000e+00 0.000000e+00
    outer loop
      vertex   1.750400e+02 5.250000e+01 4.400000e+01
      vertex   1.770000e+02 5.250000e+01 4.380655e+01
      vertex   1.770000e+02 5.250000e+01 4.380400e+01
    endloop
  endfacet
  facet normal 0.000000e+00 1.000000e+00 0.000000e+00
    outer loop
      vertex   1.750400e+02 5.250000e+01 4.400000e+01
      vertex   1.770000e+02 5.250000e+01 4.380904e+01
      vertex   1.770000e+02 5.250000e+01 4.380655e+01
    endloop
  endfacet
  facet normal 0.000000e+00 1.000000e+00 0.000000e+00
    outer loop
      vertex   1.750400e+02 5.250000e+01 4.400000e+01
      vertex   1.770000e+02 5.250000e+01 4.381147e+01
      vertex   1.770000e+02 5.250000e+01 4.380904e+01
    endloop
  endfacet
  facet normal 0.000000e+00 1.000000e+00 0.000000e+00
    outer loop
      vertex   1.750400e+02 5.250000e+01 4.400000e+01
      vertex   1.770000e+02 5.250000e+01 4.381383e+01
      vertex   1.770000e+02 5.250000e+01 4.381147e+01
    endloop
  endfacet
  facet normal 0.000000e+00 1.000000e+00 0.000000e+00
    outer loop
      vertex   1.750400e+02 5.250000e+01 4.400000e+01
      vertex   1.770000e+02 5.250000e+01 4.381614e+01
      vertex   1.770000e+02 5.250000e+01 4.381383e+01
    endloop
  endfacet
  facet normal 0.000000e+00 1.000000e+00 0.000000e+00
    outer loop
      vertex   1.750400e+02 5.250000e+01 4.400000e+01
      vertex   1.770000e+02 5.250000e+01 4.381839e+01
      vertex   1.770000e+02 5.250000e+01 4.381614e+01
    endloop
  endfacet
  facet normal 0.000000e+00 1.000000e+00 0.000000e+00
    outer loop
      vertex   1.750400e+02 5.250000e+01 4.400000e+01
      vertex   1.770000e+02 5.250000e+01 4.382059e+01
      vertex   1.770000e+02 5.250000e+01 4.381839e+01
    endloop
  endfacet
  facet normal 0.000000e+00 1.000000e+00 0.000000e+00
    outer loop
      vertex   1.750400e+02 5.250000e+01 4.400000e+01
      vertex   1.770000e+02 5.250000e+01 4.382273e+01
      vertex   1.770000e+02 5.250000e+01 4.382059e+01
    endloop
  endfacet
  facet normal 0.000000e+00 1.000000e+00 0.000000e+00
    outer loop
      vertex   1.750400e+02 5.250000e+01 4.400000e+01
      vertex   1.770000e+02 5.250000e+01 4.382482e+01
      vertex   1.770000e+02 5.250000e+01 4.382273e+01
    endloop
  endfacet
  facet normal 0.000000e+00 1.000000e+00 0.000000e+00
    outer loop
      vertex   1.750400e+02 5.250000e+01 4.400000e+01
      vertex   1.770000e+02 5.250000e+01 4.382687e+01
      vertex   1.770000e+02 5.250000e+01 4.382482e+01
    endloop
  endfacet
  facet normal 0.000000e+00 1.000000e+00 0.000000e+00
    outer loop
      vertex   1.750400e+02 5.250000e+01 4.400000e+01
      vertex   1.770000e+02 5.250000e+01 4.382886e+01
      vertex   1.770000e+02 5.250000e+01 4.382687e+01
    endloop
  endfacet
  facet normal 0.000000e+00 1.000000e+00 0.000000e+00
    outer loop
      vertex   1.750400e+02 5.250000e+01 4.400000e+01
      vertex   1.770000e+02 5.250000e+01 4.383082e+01
      vertex   1.770000e+02 5.250000e+01 4.382886e+01
    endloop
  endfacet
  facet normal 0.000000e+00 1.000000e+00 0.000000e+00
    outer loop
      vertex   1.750400e+02 5.250000e+01 4.400000e+01
      vertex   1.770000e+02 5.250000e+01 4.383272e+01
      vertex   1.770000e+02 5.250000e+01 4.383082e+01
    endloop
  endfacet
  facet normal 0.000000e+00 1.000000e+00 0.000000e+00
    outer loop
      vertex   1.750400e+02 5.250000e+01 4.400000e+01
      vertex   1.770000e+02 5.250000e+01 4.383459e+01
      vertex   1.770000e+02 5.250000e+01 4.383272e+01
    endloop
  endfacet
  facet normal 0.000000e+00 1.000000e+00 0.000000e+00
    outer loop
      vertex   1.750400e+02 5.250000e+01 4.400000e+01
      vertex   1.770000e+02 5.250000e+01 4.383641e+01
      vertex   1.770000e+02 5.250000e+01 4.383459e+01
    endloop
  endfacet
  facet normal 0.000000e+00 1.000000e+00 0.000000e+00
    outer loop
      vertex   1.750400e+02 5.250000e+01 4.400000e+01
      vertex   1.770000e+02 5.250000e+01 4.383819e+01
      vertex   1.770000e+02 5.250000e+01 4.383641e+01
    endloop
  endfacet
  facet normal 0.000000e+00 1.000000e+00 0.000000e+00
    outer loop
      vertex   1.750400e+02 5.250000e+01 4.400000e+01
      vertex   1.770000e+02 5.250000e+01 4.383994e+01
      vertex   1.770000e+02 5.250000e+01 4.383819e+01
    endloop
  endfacet
  facet normal -0.000000e+00 1.000000e+00 0.000000e+00
    outer loop
      vertex   1.750400e+02 5.250000e+01 4.400000e+01
      vertex   1.770000e+02 5.250000e+01 4.400000e+01
      vertex   1.770000e+02 5.250000e+01 4.383994e+01
    endloop
  endfacet
  facet normal 0.000000e+00 1.000000e+00 0.000000e+00
    outer loop
      vertex   1.750000e+02 5.250000e+01 4.383994e+01
      vertex   1.750000e+02 5.250000e+01 4.400000e+01
      vertex   1.750400e+02 5.250000e+01 4.400000e+01
    endloop
  endfacet
  facet normal 0.000000e+00 1.000000e+00 0.000000e+00
    outer loop
      vertex   1.750000e+02 5.250000e+01 4.383819e+01
      vertex   1.750000e+02 5.250000e+01 4.383994e+01
      vertex   1.750400e+02 5.250000e+01 4.400000e+01
    endloop
  endfacet
  facet normal 0.000000e+00 1.000000e+00 0.000000e+00
    outer loop
      vertex   1.750000e+02 5.250000e+01 4.383641e+01
      vertex   1.750000e+02 5.250000e+01 4.383819e+01
      vertex   1.750400e+02 5.250000e+01 4.400000e+01
    endloop
  endfacet
  facet normal 0.000000e+00 1.000000e+00 0.000000e+00
    outer loop
      vertex   1.750000e+02 5.250000e+01 4.383459e+01
      vertex   1.750000e+02 5.250000e+01 4.383641e+01
      vertex   1.750400e+02 5.250000e+01 4.400000e+01
    endloop
  endfacet
  facet normal 0.000000e+00 1.000000e+00 0.000000e+00
    outer loop
      vertex   1.750000e+02 5.250000e+01 4.383272e+01
      vertex   1.750000e+02 5.250000e+01 4.383459e+01
      vertex   1.750400e+02 5.250000e+01 4.400000e+01
    endloop
  endfacet
  facet normal 0.000000e+00 1.000000e+00 0.000000e+00
    outer loop
      vertex   1.750000e+02 5.250000e+01 4.383082e+01
      vertex   1.750000e+02 5.250000e+01 4.383272e+01
      vertex   1.750400e+02 5.250000e+01 4.400000e+01
    endloop
  endfacet
  facet normal 0.000000e+00 1.000000e+00 0.000000e+00
    outer loop
      vertex   1.750000e+02 5.250000e+01 4.382886e+01
      vertex   1.750000e+02 5.250000e+01 4.383082e+01
      vertex   1.750400e+02 5.250000e+01 4.400000e+01
    endloop
  endfacet
  facet normal 0.000000e+00 1.000000e+00 0.000000e+00
    outer loop
      vertex   1.750000e+02 5.250000e+01 4.382687e+01
      vertex   1.750000e+02 5.250000e+01 4.382886e+01
      vertex   1.750400e+02 5.250000e+01 4.400000e+01
    endloop
  endfacet
  facet normal 0.000000e+00 1.000000e+00 0.000000e+00
    outer loop
      vertex   1.750000e+02 5.250000e+01 4.382482e+01
      vertex   1.750000e+02 5.250000e+01 4.382687e+01
      vertex   1.750400e+02 5.250000e+01 4.400000e+01
    endloop
  endfacet
  facet normal 0.000000e+00 1.000000e+00 0.000000e+00
    outer loop
      vertex   1.750000e+02 5.250000e+01 4.382273e+01
      vertex   1.750000e+02 5.250000e+01 4.382482e+01
      vertex   1.750400e+02 5.250000e+01 4.400000e+01
    endloop
  endfacet
  facet normal 0.000000e+00 1.000000e+00 0.000000e+00
    outer loop
      vertex   1.750000e+02 5.250000e+01 4.382059e+01
      vertex   1.750000e+02 5.250000e+01 4.382273e+01
      vertex   1.750400e+02 5.250000e+01 4.400000e+01
    endloop
  endfacet
  facet normal 0.000000e+00 1.000000e+00 0.000000e+00
    outer loop
      vertex   1.750000e+02 5.250000e+01 4.381839e+01
      vertex   1.750000e+02 5.250000e+01 4.382059e+01
      vertex   1.750400e+02 5.250000e+01 4.400000e+01
    endloop
  endfacet
  facet normal 0.000000e+00 1.000000e+00 0.000000e+00
    outer loop
      vertex   1.750000e+02 5.250000e+01 4.381614e+01
      vertex   1.750000e+02 5.250000e+01 4.381839e+01
      vertex   1.750400e+02 5.250000e+01 4.400000e+01
    endloop
  endfacet
  facet normal 0.000000e+00 1.000000e+00 0.000000e+00
    outer loop
      vertex   1.750000e+02 5.250000e+01 4.381383e+01
      vertex   1.750000e+02 5.250000e+01 4.381614e+01
      vertex   1.750400e+02 5.250000e+01 4.400000e+01
    endloop
  endfacet
  facet normal 0.000000e+00 1.000000e+00 0.000000e+00
    outer loop
      vertex   1.750000e+02 5.250000e+01 4.381147e+01
      vertex   1.750000e+02 5.250000e+01 4.381383e+01
      vertex   1.750400e+02 5.250000e+01 4.400000e+01
    endloop
  endfacet
  facet normal 0.000000e+00 1.000000e+00 0.000000e+00
    outer loop
      vertex   1.750000e+02 5.250000e+01 4.380904e+01
      vertex   1.750000e+02 5.250000e+01 4.381147e+01
      vertex   1.750400e+02 5.250000e+01 4.400000e+01
    endloop
  endfacet
  facet normal 0.000000e+00 1.000000e+00 0.000000e+00
    outer loop
      vertex   1.750000e+02 5.250000e+01 4.380655e+01
      vertex   1.750000e+02 5.250000e+01 4.380904e+01
      vertex   1.750400e+02 5.250000e+01 4.400000e+01
    endloop
  endfacet
  facet normal 0.000000e+00 1.000000e+00 0.000000e+00
    outer loop
      vertex   1.750000e+02 5.250000e+01 4.380400e+01
      vertex   1.750000e+02 5.250000e+01 4.380655e+01
      vertex   1.750400e+02 5.250000e+01 4.400000e+01
    endloop
  endfacet
  facet normal 0.000000e+00 1.000000e+00 0.000000e+00
    outer loop
      vertex   1.750000e+02 5.250000e+01 4.380137e+01
      vertex   1.750000e+02 5.250000e+01 4.380400e+01
      vertex   1.750400e+02 5.250000e+01 4.400000e+01
    endloop
  endfacet
  facet normal 0.000000e+00 1.000000e+00 0.000000e+00
    outer loop
      vertex   1.750000e+02 5.250000e+01 4.379868e+01
      vertex   1.750000e+02 5.250000e+01 4.380137e+01
      vertex   1.750400e+02 5.250000e+01 4.400000e+01
    endloop
  endfacet
  facet normal 0.000000e+00 1.000000e+00 0.000000e+00
    outer loop
      vertex   1.750000e+02 5.250000e+01 4.379591e+01
      vertex   1.750000e+02 5.250000e+01 4.379868e+01
      vertex   1.750400e+02 5.250000e+01 4.400000e+01
    endloop
  endfacet
  facet normal 0.000000e+00 1.000000e+00 0.000000e+00
    outer loop
      vertex   1.750000e+02 5.250000e+01 4.379306e+01
      vertex   1.750000e+02 5.250000e+01 4.379591e+01
      vertex   1.750400e+02 5.250000e+01 4.400000e+01
    endloop
  endfacet
  facet normal 0.000000e+00 1.000000e+00 0.000000e+00
    outer loop
      vertex   1.750000e+02 5.250000e+01 4.379014e+01
      vertex   1.750000e+02 5.250000e+01 4.379306e+01
      vertex   1.750400e+02 5.250000e+01 4.400000e+01
    endloop
  endfacet
  facet normal 0.000000e+00 1.000000e+00 0.000000e+00
    outer loop
      vertex   1.750000e+02 5.250000e+01 4.378712e+01
      vertex   1.750000e+02 5.250000e+01 4.379014e+01
      vertex   1.750400e+02 5.250000e+01 4.400000e+01
    endloop
  endfacet
  facet normal 0.000000e+00 1.000000e+00 0.000000e+00
    outer loop
      vertex   1.750000e+02 5.250000e+01 4.378402e+01
      vertex   1.750000e+02 5.250000e+01 4.378712e+01
      vertex   1.750400e+02 5.250000e+01 4.400000e+01
    endloop
  endfacet
  facet normal 0.000000e+00 1.000000e+00 0.000000e+00
    outer loop
      vertex   1.750000e+02 5.250000e+01 4.378083e+01
      vertex   1.750000e+02 5.250000e+01 4.378402e+01
      vertex   1.750400e+02 5.250000e+01 4.400000e+01
    endloop
  endfacet
  facet normal 0.000000e+00 1.000000e+00 0.000000e+00
    outer loop
      vertex   1.750000e+02 5.250000e+01 4.377755e+01
      vertex   1.750000e+02 5.250000e+01 4.378083e+01
      vertex   1.750400e+02 5.250000e+01 4.400000e+01
    endloop
  endfacet
  facet normal 0.000000e+00 1.000000e+00 0.000000e+00
    outer loop
      vertex   1.750000e+02 5.250000e+01 4.377416e+01
      vertex   1.750000e+02 5.250000e+01 4.377755e+01
      vertex   1.750400e+02 5.250000e+01 4.400000e+01
    endloop
  endfacet
  facet normal 0.000000e+00 1.000000e+00 0.000000e+00
    outer loop
      vertex   1.750000e+02 5.250000e+01 4.377067e+01
      vertex   1.750000e+02 5.250000e+01 4.377416e+01
      vertex   1.750400e+02 5.250000e+01 4.400000e+01
    endloop
  endfacet
  facet normal 0.000000e+00 1.000000e+00 0.000000e+00
    outer loop
      vertex   1.750000e+02 5.250000e+01 4.376707e+01
      vertex   1.750000e+02 5.250000e+01 4.377067e+01
      vertex   1.750400e+02 5.250000e+01 4.400000e+01
    endloop
  endfacet
  facet normal 0.000000e+00 1.000000e+00 0.000000e+00
    outer loop
      vertex   1.750000e+02 5.250000e+01 4.376336e+01
      vertex   1.750000e+02 5.250000e+01 4.376707e+01
      vertex   1.750400e+02 5.250000e+01 4.400000e+01
    endloop
  endfacet
  facet normal 0.000000e+00 1.000000e+00 0.000000e+00
    outer loop
      vertex   1.750000e+02 5.250000e+01 4.375952e+01
      vertex   1.750000e+02 5.250000e+01 4.376336e+01
      vertex   1.770000e+02 5.250000e+01 4.376336e+01
    endloop
  endfacet
  facet normal 0.000000e+00 1.000000e+00 -0.000000e+00
    outer loop
      vertex   1.770000e+02 5.250000e+01 4.375556e+01
      vertex   1.750000e+02 5.250000e+01 4.375556e+01
      vertex   1.770000e+02 5.250000e+01 4.375952e+01
    endloop
  endfacet
  facet normal -0.000000e+00 1.000000e+00 0.000000e+00
    outer loop
      vertex   1.750000e+02 5.250000e+01 4.375556e+01
      vertex   1.770000e+02 5.250000e+01 4.375556e+01
      vertex   1.750000e+02 5.250000e+01 4.375147e+01
    endloop
  endfacet
  facet normal 0.000000e+00 1.000000e+00 -0.000000e+00
    outer loop
      vertex   1.770000e+02 5.250000e+01 4.374723e+01
      vertex   1.750000e+02 5.250000e+01 4.374723e+01
      vertex   1.770000e+02 5.250000e+01 4.375147e+01
    endloop
  endfacet
  facet normal 0.000000e+00 1.000000e+00 0.000000e+00
    outer loop
      vertex   1.750000e+02 5.250000e+01 4.374285e+01
      vertex   1.770000e+02 5.250000e+01 4.339625e+01
      vertex   1.770000e+02 5.250000e+01 4.336159e+01
    endloop
  endfacet
  facet normal -0.000000e+00 1.000000e+00 0.000000e+00
    outer loop
      vertex   1.750000e+02 5.250000e+01 4.374285e+01
      vertex   1.770000e+02 5.250000e+01 4.374285e+01
      vertex   1.770000e+02 5.250000e+01 4.339625e+01
    endloop
  endfacet
  facet normal 0.000000e+00 1.000000e+00 -0.000000e+00
    outer loop
      vertex   1.770000e+02 5.250000e+01 4.374285e+01
      vertex   1.750000e+02 5.250000e+01 4.374285e+01
      vertex   1.770000e+02 5.250000e+01 4.374723e+01
    endloop
  endfacet
  facet normal -0.000000e+00 1.000000e+00 0.000000e+00
    outer loop
      vertex   1.750000e+02 5.250000e+01 4.374723e+01
      vertex   1.770000e+02 5.250000e+01 4.374723e+01
      vertex   1.750000e+02 5.250000e+01 4.374285e+01
    endloop
  endfacet
  facet normal 0.000000e+00 1.000000e+00 0.000000e+00
    outer loop
      vertex   1.754900e+02 5.250000e+01 3.814697e-06
      vertex   1.750000e+02 5.250000e+01 3.814697e-06
      vertex   1.750000e+02 5.250000e+01 5.400410e-01
    endloop
  endfacet
  facet normal 0.000000e+00 1.000000e+00 0.000000e+00
    outer loop
      vertex   1.755000e+02 5.250000e+01 3.814697e-06
      vertex   1.754900e+02 5.250000e+01 3.814697e-06
      vertex   1.750000e+02 5.250000e+01 5.400410e-01
    endloop
  endfacet
  facet normal 0.000000e+00 1.000000e+00 -0.000000e+00
    outer loop
      vertex   1.761431e+02 5.250000e+01 9.187889e-02
      vertex   1.750000e+02 5.250000e+01 8.866463e-01
      vertex   1.761563e+02 5.250000e+01 9.375382e-02
    endloop
  endfacet
  facet normal 0.000000e+00 1.000000e+00 0.000000e+00
    outer loop
      vertex   1.761431e+02 5.250000e+01 9.187889e-02
      vertex   1.750000e+02 5.250000e+01 5.400410e-01
      vertex   1.750000e+02 5.250000e+01 8.866463e-01
    endloop
  endfacet
  facet normal 0.000000e+00 1.000000e+00 0.000000e+00
    outer loop
      vertex   1.761431e+02 5.250000e+01 9.187889e-02
      vertex   1.755000e+02 5.250000e+01 3.814697e-06
      vertex   1.750000e+02 5.250000e+01 5.400410e-01
    endloop
  endfacet
  facet normal 0.000000e+00 1.000000e+00 0.000000e+00
    outer loop
      vertex   1.750000e+02 5.250000e+01 9.213066e-01
      vertex   1.766156e+02 5.250000e+01 3.693790e-01
      vertex   1.750000e+02 5.250000e+01 8.866463e-01
    endloop
  endfacet
  facet normal 0.000000e+00 1.000000e+00 0.000000e+00
    outer loop
      vertex   1.766156e+02 5.250000e+01 3.693790e-01
      vertex   1.761563e+02 5.250000e+01 9.375382e-02
      vertex   1.750000e+02 5.250000e+01 8.866463e-01
    endloop
  endfacet
  facet normal 0.000000e+00 1.000000e+00 0.000000e+00
    outer loop
      vertex   1.769006e+02 5.250000e+01 8.343792e-01
      vertex   1.750000e+02 5.250000e+01 9.213066e-01
      vertex   1.750000e+02 5.250000e+01 1.267912e+00
    endloop
  endfacet
  facet normal 0.000000e+00 1.000000e+00 0.000000e+00
    outer loop
      vertex   1.769006e+02 5.250000e+01 8.343792e-01
      vertex   1.766156e+02 5.250000e+01 3.693790e-01
      vertex   1.750000e+02 5.250000e+01 9.213066e-01
    endloop
  endfacet
  facet normal 0.000000e+00 1.000000e+00 0.000000e+00
    outer loop
      vertex   1.769006e+02 5.250000e+01 8.343792e-01
      vertex   1.766250e+02 5.250000e+01 3.750038e-01
      vertex   1.766156e+02 5.250000e+01 3.693790e-01
    endloop
  endfacet
  facet normal 0.000000e+00 1.000000e+00 -0.000000e+00
    outer loop
      vertex   1.769006e+02 5.250000e+01 8.343792e-01
      vertex   1.750000e+02 5.250000e+01 1.267912e+00
      vertex   1.769063e+02 5.250000e+01 8.437538e-01
    endloop
  endfacet
  facet normal 0.000000e+00 1.000000e+00 0.000000e+00
    outer loop
      vertex   1.769981e+02 5.250000e+01 1.486879e+00
      vertex   1.769063e+02 5.250000e+01 8.437538e-01
      vertex   1.750000e+02 5.250000e+01 1.267912e+00
    endloop
  endfacet
  facet normal 0.000000e+00 1.000000e+00 0.000000e+00
    outer loop
      vertex   1.770000e+02 5.250000e+01 1.500004e+00
      vertex   1.769981e+02 5.250000e+01 1.486879e+00
      vertex   1.750000e+02 5.250000e+01 1.267912e+00
    endloop
  endfacet
  facet normal 0.000000e+00 1.000000e+00 0.000000e+00
    outer loop
      vertex   1.770000e+02 5.250000e+01 1.803789e+00
      vertex   1.770000e+02 5.250000e+01 1.500004e+00
      vertex   1.750000e+02 5.250000e+01 1.267912e+00
    endloop
  endfacet
  facet normal 0.000000e+00 1.000000e+00 0.000000e+00
    outer loop
      vertex   1.770000e+02 5.250000e+01 1.807100e+00
      vertex   1.770000e+02 5.250000e+01 1.803789e+00
      vertex   1.750000e+02 5.250000e+01 1.267912e+00
    endloop
  endfacet
  facet normal 0.000000e+00 1.000000e+00 0.000000e+00
    outer loop
      vertex   1.770000e+02 5.250000e+01 1.810488e+00
      vertex   1.770000e+02 5.250000e+01 1.807100e+00
      vertex   1.750000e+02 5.250000e+01 1.267912e+00
    endloop
  endfacet
  facet normal 0.000000e+00 1.000000e+00 0.000000e+00
    outer loop
      vertex   1.770000e+02 5.250000e+01 1.813948e+00
      vertex   1.770000e+02 5.250000e+01 1.810488e+00
      vertex   1.750000e+02 5.250000e+01 1.267912e+00
    endloop
  endfacet
  facet normal 0.000000e+00 1.000000e+00 0.000000e+00
    outer loop
      vertex   1.770000e+02 5.250000e+01 1.817488e+00
      vertex   1.770000e+02 5.250000e+01 1.813948e+00
      vertex   1.750000e+02 5.250000e+01 1.267912e+00
    endloop
  endfacet
  facet normal 0.000000e+00 1.000000e+00 0.000000e+00
    outer loop
      vertex   1.770000e+02 5.250000e+01 1.821108e+00
      vertex   1.770000e+02 5.250000e+01 1.817488e+00
      vertex   1.750000e+02 5.250000e+01 1.267912e+00
    endloop
  endfacet
  facet normal 0.000000e+00 1.000000e+00 0.000000e+00
    outer loop
      vertex   1.770000e+02 5.250000e+01 1.824810e+00
      vertex   1.770000e+02 5.250000e+01 1.821108e+00
      vertex   1.750000e+02 5.250000e+01 1.267912e+00
    endloop
  endfacet
  facet normal 0.000000e+00 1.000000e+00 0.000000e+00
    outer loop
      vertex   1.770000e+02 5.250000e+01 1.828600e+00
      vertex   1.770000e+02 5.250000e+01 1.824810e+00
      vertex   1.750000e+02 5.250000e+01 1.267912e+00
    endloop
  endfacet
  facet normal 0.000000e+00 1.000000e+00 0.000000e+00
    outer loop
      vertex   1.770000e+02 5.250000e+01 1.832480e+00
      vertex   1.770000e+02 5.250000e+01 1.828600e+00
      vertex   1.750000e+02 5.250000e+01 1.267912e+00
    endloop
  endfacet
  facet normal 0.000000e+00 1.000000e+00 0.000000e+00
    outer loop
      vertex   1.770000e+02 5.250000e+01 1.836453e+00
      vertex   1.770000e+02 5.250000e+01 1.832480e+00
      vertex   1.750000e+02 5.250000e+01 1.267912e+00
    endloop
  endfacet
  facet normal 0.000000e+00 1.000000e+00 0.000000e+00
    outer loop
      vertex   1.770000e+02 5.250000e+01 1.840521e+00
      vertex   1.770000e+02 5.250000e+01 1.836453e+00
      vertex   1.750000e+02 5.250000e+01 1.267912e+00
    endloop
  endfacet
  facet normal 0.000000e+00 1.000000e+00 0.000000e+00
    outer loop
      vertex   1.770000e+02 5.250000e+01 1.844688e+00
      vertex   1.770000e+02 5.250000e+01 1.840521e+00
      vertex   1.750000e+02 5.250000e+01 1.267912e+00
    endloop
  endfacet
  facet normal 0.000000e+00 1.000000e+00 0.000000e+00
    outer loop
      vertex   1.770000e+02 5.250000e+01 1.848959e+00
      vertex   1.770000e+02 5.250000e+01 1.844688e+00
      vertex   1.750000e+02 5.250000e+01 1.267912e+00
    endloop
  endfacet
  facet normal 0.000000e+00 1.000000e+00 0.000000e+00
    outer loop
      vertex   1.770000e+02 5.250000e+01 1.853338e+00
      vertex   1.770000e+02 5.250000e+01 1.848959e+00
      vertex   1.750000e+02 5.250000e+01 1.267912e+00
    endloop
  endfacet
  facet normal 0.000000e+00 1.000000e+00 0.000000e+00
    outer loop
      vertex   1.770000e+02 5.250000e+01 1.857826e+00
      vertex   1.770000e+02 5.250000e+01 1.853338e+00
      vertex   1.750000e+02 5.250000e+01 1.267912e+00
    endloop
  endfacet
  facet normal 0.000000e+00 1.000000e+00 0.000000e+00
    outer loop
      vertex   1.770000e+02 5.250000e+01 1.862433e+00
      vertex   1.770000e+02 5.250000e+01 1.857826e+00
      vertex   1.750000e+02 5.250000e+01 1.267912e+00
    endloop
  endfacet
  facet normal 0.000000e+00 1.000000e+00 0.000000e+00
    outer loop
      vertex   1.770000e+02 5.250000e+01 1.867157e+00
      vertex   1.770000e+02 5.250000e+01 1.862433e+00
      vertex   1.750000e+02 5.250000e+01 1.267912e+00
    endloop
  endfacet
  facet normal 0.000000e+00 1.000000e+00 0.000000e+00
    outer loop
      vertex   1.770000e+02 5.250000e+01 1.872007e+00
      vertex   1.770000e+02 5.250000e+01 1.867157e+00
      vertex   1.750000e+02 5.250000e+01 1.267912e+00
    endloop
  endfacet
  facet normal 0.000000e+00 1.000000e+00 0.000000e+00
    outer loop
      vertex   1.770000e+02 5.250000e+01 1.876987e+00
      vertex   1.770000e+02 5.250000e+01 1.872007e+00
      vertex   1.750000e+02 5.250000e+01 1.267912e+00
    endloop
  endfacet
  facet normal 0.000000e+00 1.000000e+00 0.000000e+00
    outer loop
      vertex   1.770000e+02 5.250000e+01 1.882101e+00
      vertex   1.770000e+02 5.250000e+01 1.876987e+00
      vertex   1.750000e+02 5.250000e+01 1.267912e+00
    endloop
  endfacet
  facet normal 0.000000e+00 1.000000e+00 0.000000e+00
    outer loop
      vertex   1.770000e+02 5.250000e+01 1.887358e+00
      vertex   1.770000e+02 5.250000e+01 1.882101e+00
      vertex   1.750000e+02 5.250000e+01 1.267912e+00
    endloop
  endfacet
  facet normal 0.000000e+00 1.000000e+00 0.000000e+00
    outer loop
      vertex   1.770000e+02 5.250000e+01 1.892759e+00
      vertex   1.770000e+02 5.250000e+01 1.887358e+00
      vertex   1.750000e+02 5.250000e+01 1.267912e+00
    endloop
  endfacet
  facet normal 0.000000e+00 1.000000e+00 0.000000e+00
    outer loop
      vertex   1.770000e+02 5.250000e+01 1.898315e+00
      vertex   1.770000e+02 5.250000e+01 1.892759e+00
      vertex   1.750000e+02 5.250000e+01 1.267912e+00
    endloop
  endfacet
  facet normal 0.000000e+00 1.000000e+00 0.000000e+00
    outer loop
      vertex   1.770000e+02 5.250000e+01 1.904030e+00
      vertex   1.770000e+02 5.250000e+01 1.898315e+00
      vertex   1.750000e+02 5.250000e+01 1.267912e+00
    endloop
  endfacet
  facet normal 0.000000e+00 1.000000e+00 0.000000e+00
    outer loop
      vertex   1.770000e+02 5.250000e+01 1.909910e+00
      vertex   1.770000e+02 5.250000e+01 1.904030e+00
      vertex   1.750000e+02 5.250000e+01 1.267912e+00
    endloop
  endfacet
  facet normal 0.000000e+00 1.000000e+00 0.000000e+00
    outer loop
      vertex   1.770000e+02 5.250000e+01 1.915964e+00
      vertex   1.770000e+02 5.250000e+01 1.909910e+00
      vertex   1.750000e+02 5.250000e+01 1.267912e+00
    endloop
  endfacet
  facet normal 0.000000e+00 1.000000e+00 0.000000e+00
    outer loop
      vertex   1.770000e+02 5.250000e+01 1.922201e+00
      vertex   1.770000e+02 5.250000e+01 1.915964e+00
      vertex   1.750000e+02 5.250000e+01 1.267912e+00
    endloop
  endfacet
  facet normal 0.000000e+00 1.000000e+00 0.000000e+00
    outer loop
      vertex   1.770000e+02 5.250000e+01 1.928627e+00
      vertex   1.770000e+02 5.250000e+01 1.922201e+00
      vertex   1.750000e+02 5.250000e+01 1.267912e+00
    endloop
  endfacet
  facet normal 0.000000e+00 1.000000e+00 0.000000e+00
    outer loop
      vertex   1.770000e+02 5.250000e+01 1.935251e+00
      vertex   1.770000e+02 5.250000e+01 1.928627e+00
      vertex   1.750000e+02 5.250000e+01 1.267912e+00
    endloop
  endfacet
  facet normal 0.000000e+00 1.000000e+00 0.000000e+00
    outer loop
      vertex   1.770000e+02 5.250000e+01 1.942083e+00
      vertex   1.770000e+02 5.250000e+01 1.935251e+00
      vertex   1.750000e+02 5.250000e+01 1.267912e+00
    endloop
  endfacet
  facet normal 0.000000e+00 1.000000e+00 0.000000e+00
    outer loop
      vertex   1.770000e+02 5.250000e+01 1.949133e+00
      vertex   1.770000e+02 5.250000e+01 1.942083e+00
      vertex   1.750000e+02 5.250000e+01 1.267912e+00
    endloop
  endfacet
  facet normal 0.000000e+00 1.000000e+00 0.000000e+00
    outer loop
      vertex   1.770000e+02 5.250000e+01 1.956413e+00
      vertex   1.770000e+02 5.250000e+01 1.949133e+00
      vertex   1.750000e+02 5.250000e+01 1.267912e+00
    endloop
  endfacet
  facet normal 0.000000e+00 1.000000e+00 0.000000e+00
    outer loop
      vertex   1.770000e+02 5.250000e+01 1.963932e+00
      vertex   1.770000e+02 5.250000e+01 1.956413e+00
      vertex   1.750000e+02 5.250000e+01 1.267912e+00
    endloop
  endfacet
  facet normal 0.000000e+00 1.000000e+00 0.000000e+00
    outer loop
      vertex   1.770000e+02 5.250000e+01 1.971703e+00
      vertex   1.770000e+02 5.250000e+01 1.963932e+00
      vertex   1.750000e+02 5.250000e+01 1.267912e+00
    endloop
  endfacet
  facet normal 0.000000e+00 1.000000e+00 0.000000e+00
    outer loop
      vertex   1.770000e+02 5.250000e+01 1.979738e+00
      vertex   1.770000e+02 5.250000e+01 1.971703e+00
      vertex   1.750000e+02 5.250000e+01 1.267912e+00
    endloop
  endfacet
  facet normal 0.000000e+00 1.000000e+00 0.000000e+00
    outer loop
      vertex   1.770000e+02 5.250000e+01 1.988050e+00
      vertex   1.770000e+02 5.250000e+01 1.979738e+00
      vertex   1.750000e+02 5.250000e+01 1.267912e+00
    endloop
  endfacet
  facet normal 0.000000e+00 1.000000e+00 -0.000000e+00
    outer loop
      vertex   1.770000e+02 5.250000e+01 4.301498e+01
      vertex   1.750000e+02 5.250000e+01 4.374285e+01
      vertex   1.770000e+02 5.250000e+01 4.336159e+01
    endloop
  endfacet
  facet normal 0.000000e+00 1.000000e+00 0.000000e+00
    outer loop
      vertex   1.750000e+02 5.250000e+01 4.374285e+01
      vertex   1.770000e+02 5.250000e+01 4.301498e+01
      vertex   1.760000e+02 5.250000e+01 2.214145e+01
    endloop
  endfacet
  facet normal 0.000000e+00 1.000000e+00 0.000000e+00
    outer loop
      vertex   1.770000e+02 5.250000e+01 1.988050e+00
      vertex   1.750000e+02 5.250000e+01 1.267912e+00
      vertex   1.760000e+02 5.250000e+01 2.214145e+01
    endloop
  endfacet
  facet normal 0.000000e+00 1.000000e+00 0.000000e+00
    outer loop
      vertex   7.309999e+01 5.250000e+01 1.800009e+00
      vertex   7.299999e+01 5.250000e+01 1.800009e+00
      vertex   7.299999e+01 5.250000e+01 1.864008e+00
    endloop
  endfacet
  facet normal 0.000000e+00 1.000000e+00 0.000000e+00
    outer loop
      vertex   7.748948e+01 5.250000e+01 2.044672e+00
      vertex   7.799999e+01 5.250000e+01 1.996006e+00
      vertex   7.799999e+01 5.250000e+01 1.800009e+00
    endloop
  endfacet
  facet normal 0.000000e+00 1.000000e+00 0.000000e+00
    outer loop
      vertex   7.748948e+01 5.250000e+01 2.044672e+00
      vertex   7.799999e+01 5.250000e+01 2.000006e+00
      vertex   7.799999e+01 5.250000e+01 1.996006e+00
    endloop
  endfacet
  facet normal 0.000000e+00 1.000000e+00 0.000000e+00
    outer loop
      vertex   7.747906e+01 5.250000e+01 2.045584e+00
      vertex   7.748948e+01 5.250000e+01 2.044672e+00
      vertex   7.799999e+01 5.250000e+01 1.800009e+00
    endloop
  endfacet
  facet normal 0.000000e+00 1.000000e+00 0.000000e+00
    outer loop
      vertex   7.799999e+01 5.250000e+01 1.800009e+00
      vertex   7.309999e+01 5.250000e+01 1.800009e+00
      vertex   7.747906e+01 5.250000e+01 2.045584e+00
    endloop
  endfacet
  facet normal 0.000000e+00 1.000000e+00 0.000000e+00
    outer loop
      vertex   7.698404e+01 5.250000e+01 2.178223e+00
      vertex   7.747906e+01 5.250000e+01 2.045584e+00
      vertex   7.309999e+01 5.250000e+01 1.800009e+00
    endloop
  endfacet
  facet normal 0.000000e+00 1.000000e+00 0.000000e+00
    outer loop
      vertex   7.697394e+01 5.250000e+01 2.180929e+00
      vertex   7.698404e+01 5.250000e+01 2.178223e+00
      vertex   7.309999e+01 5.250000e+01 1.800009e+00
    endloop
  endfacet
  facet normal 0.000000e+00 1.000000e+00 0.000000e+00
    outer loop
      vertex   7.650948e+01 5.250000e+01 2.397511e+00
      vertex   7.697394e+01 5.250000e+01 2.180929e+00
      vertex   7.309999e+01 5.250000e+01 1.800009e+00
    endloop
  endfacet
  facet normal 0.000000e+00 1.000000e+00 0.000000e+00
    outer loop
      vertex   7.650000e+01 5.250000e+01 2.401930e+00
      vertex   7.650948e+01 5.250000e+01 2.397511e+00
      vertex   7.309999e+01 5.250000e+01 1.800009e+00
    endloop
  endfacet
  facet normal 0.000000e+00 1.000000e+00 0.000000e+00
    outer loop
      vertex   7.608020e+01 5.250000e+01 2.695873e+00
      vertex   7.650000e+01 5.250000e+01 2.401930e+00
      vertex   7.309999e+01 5.250000e+01 1.800009e+00
    endloop
  endfacet
  facet normal 0.000000e+00 1.000000e+00 0.000000e+00
    outer loop
      vertex   7.607163e+01 5.250000e+01 2.701872e+00
      vertex   7.608020e+01 5.250000e+01 2.695873e+00
      vertex   7.309999e+01 5.250000e+01 1.800009e+00
    endloop
  endfacet
  facet normal 0.000000e+00 1.000000e+00 0.000000e+00
    outer loop
      vertex   7.570926e+01 5.250000e+01 3.064247e+00
      vertex   7.607163e+01 5.250000e+01 2.701872e+00
      vertex   7.309999e+01 5.250000e+01 1.800009e+00
    endloop
  endfacet
  facet normal 0.000000e+00 1.000000e+00 0.000000e+00
    outer loop
      vertex   7.570187e+01 5.250000e+01 3.071642e+00
      vertex   7.570926e+01 5.250000e+01 3.064247e+00
      vertex   7.309999e+01 5.250000e+01 1.800009e+00
    endloop
  endfacet
  facet normal 0.000000e+00 1.000000e+00 0.000000e+00
    outer loop
      vertex   7.540793e+01 5.250000e+01 3.491438e+00
      vertex   7.570187e+01 5.250000e+01 3.071642e+00
      vertex   7.309999e+01 5.250000e+01 1.800009e+00
    endloop
  endfacet
  facet normal 0.000000e+00 1.000000e+00 0.000000e+00
    outer loop
      vertex   7.540193e+01 5.250000e+01 3.500006e+00
      vertex   7.540793e+01 5.250000e+01 3.491438e+00
      vertex   7.309999e+01 5.250000e+01 1.800009e+00
    endloop
  endfacet
  facet normal 0.000000e+00 1.000000e+00 0.000000e+00
    outer loop
      vertex   7.518535e+01 5.250000e+01 3.964466e+00
      vertex   7.309999e+01 5.250000e+01 1.800009e+00
      vertex   7.299999e+01 5.250000e+01 1.864008e+00
    endloop
  endfacet
  facet normal 0.000000e+00 1.000000e+00 0.000000e+00
    outer loop
      vertex   7.518535e+01 5.250000e+01 3.964466e+00
      vertex   7.540193e+01 5.250000e+01 3.500006e+00
      vertex   7.309999e+01 5.250000e+01 1.800009e+00
    endloop
  endfacet
  facet normal 0.000000e+00 1.000000e+00 0.000000e+00
    outer loop
      vertex   7.518092e+01 5.250000e+01 3.973944e+00
      vertex   7.518535e+01 5.250000e+01 3.964466e+00
      vertex   7.299999e+01 5.250000e+01 1.864008e+00
    endloop
  endfacet
  facet normal 0.000000e+00 1.000000e+00 0.000000e+00
    outer loop
      vertex   7.303999e+01 5.250000e+01 5.000008e+00
      vertex   7.299999e+01 5.250000e+01 1.864008e+00
      vertex   7.299999e+01 5.250000e+01 5.000008e+00
    endloop
  endfacet
  facet normal 0.000000e+00 1.000000e+00 0.000000e+00
    outer loop
      vertex   7.303999e+01 5.250000e+01 5.000008e+00
      vertex   7.518092e+01 5.250000e+01 3.973944e+00
      vertex   7.299999e+01 5.250000e+01 1.864008e+00
    endloop
  endfacet
  facet normal 0.000000e+00 1.000000e+00 0.000000e+00
    outer loop
      vertex   7.303999e+01 5.250000e+01 5.000008e+00
      vertex   7.504829e+01 5.250000e+01 4.468960e+00
      vertex   7.518092e+01 5.250000e+01 3.973944e+00
    endloop
  endfacet
  facet normal 0.000000e+00 1.000000e+00 0.000000e+00
    outer loop
      vertex   7.303999e+01 5.250000e+01 5.000008e+00
      vertex   7.504558e+01 5.250000e+01 4.479061e+00
      vertex   7.504829e+01 5.250000e+01 4.468960e+00
    endloop
  endfacet
  facet normal 0.000000e+00 1.000000e+00 0.000000e+00
    outer loop
      vertex   7.303999e+01 5.250000e+01 5.000008e+00
      vertex   7.500091e+01 5.250000e+01 4.989590e+00
      vertex   7.504558e+01 5.250000e+01 4.479061e+00
    endloop
  endfacet
  facet normal -0.000000e+00 1.000000e+00 0.000000e+00
    outer loop
      vertex   7.303999e+01 5.250000e+01 5.000008e+00
      vertex   7.500000e+01 5.250000e+01 5.000008e+00
      vertex   7.500091e+01 5.250000e+01 4.989590e+00
    endloop
  endfacet
  facet normal 0.000000e+00 1.000000e+00 0.000000e+00
    outer loop
      vertex   1.720000e+02 5.250000e+01 1.996006e+00
      vertex   1.721000e+02 5.250000e+01 1.800009e+00
      vertex   1.720000e+02 5.250000e+01 1.800009e+00
    endloop
  endfacet
  facet normal 0.000000e+00 1.000000e+00 -0.000000e+00
    outer loop
      vertex   1.721000e+02 5.250000e+01 1.800009e+00
      vertex   1.720000e+02 5.250000e+01 1.996006e+00
      vertex   1.725105e+02 5.250000e+01 2.044670e+00
    endloop
  endfacet
  facet normal -0.000000e+00 1.000000e+00 0.000000e+00
    outer loop
      vertex   1.720000e+02 5.250000e+01 2.000006e+00
      vertex   1.725105e+02 5.250000e+01 2.044670e+00
      vertex   1.720000e+02 5.250000e+01 1.996006e+00
    endloop
  endfacet
  facet normal 0.000000e+00 1.000000e+00 0.000000e+00
    outer loop
      vertex   1.725210e+02 5.250000e+01 2.045582e+00
      vertex   1.721000e+02 5.250000e+01 1.800009e+00
      vertex   1.725105e+02 5.250000e+01 2.044670e+00
    endloop
  endfacet
  facet normal 0.000000e+00 1.000000e+00 0.000000e+00
    outer loop
      vertex   1.730160e+02 5.250000e+01 2.178221e+00
      vertex   1.721000e+02 5.250000e+01 1.800009e+00
      vertex   1.725210e+02 5.250000e+01 2.045582e+00
    endloop
  endfacet
  facet normal 0.000000e+00 1.000000e+00 0.000000e+00
    outer loop
      vertex   1.730261e+02 5.250000e+01 2.180927e+00
      vertex   1.770000e+02 5.250000e+01 1.800009e+00
      vertex   1.730160e+02 5.250000e+01 2.178221e+00
    endloop
  endfacet
  facet normal 0.000000e+00 1.000000e+00 0.000000e+00
    outer loop
      vertex   1.721000e+02 5.250000e+01 1.800009e+00
      vertex   1.730160e+02 5.250000e+01 2.178221e+00
      vertex   1.770000e+02 5.250000e+01 1.800009e+00
    endloop
  endfacet
  facet normal 0.000000e+00 1.000000e+00 0.000000e+00
    outer loop
      vertex   1.734905e+02 5.250000e+01 2.397511e+00
      vertex   1.770000e+02 5.250000e+01 1.800009e+00
      vertex   1.730261e+02 5.250000e+01 2.180927e+00
    endloop
  endfacet
  facet normal 0.000000e+00 1.000000e+00 0.000000e+00
    outer loop
      vertex   1.735000e+02 5.250000e+01 2.401930e+00
      vertex   1.770000e+02 5.250000e+01 1.800009e+00
      vertex   1.734905e+02 5.250000e+01 2.397511e+00
    endloop
  endfacet
  facet normal 0.000000e+00 1.000000e+00 0.000000e+00
    outer loop
      vertex   1.739198e+02 5.250000e+01 2.695873e+00
      vertex   1.770000e+02 5.250000e+01 1.800009e+00
      vertex   1.735000e+02 5.250000e+01 2.401930e+00
    endloop
  endfacet
  facet normal 0.000000e+00 1.000000e+00 0.000000e+00
    outer loop
      vertex   1.739284e+02 5.250000e+01 2.701872e+00
      vertex   1.770000e+02 5.250000e+01 1.800009e+00
      vertex   1.739198e+02 5.250000e+01 2.695873e+00
    endloop
  endfacet
  facet normal 0.000000e+00 1.000000e+00 0.000000e+00
    outer loop
      vertex   1.742907e+02 5.250000e+01 3.064249e+00
      vertex   1.770000e+02 5.250000e+01 1.864008e+00
      vertex   1.739284e+02 5.250000e+01 2.701872e+00
    endloop
  endfacet
  facet normal 0.000000e+00 1.000000e+00 -0.000000e+00
    outer loop
      vertex   1.770000e+02 5.250000e+01 1.800009e+00
      vertex   1.739284e+02 5.250000e+01 2.701872e+00
      vertex   1.770000e+02 5.250000e+01 1.864008e+00
    endloop
  endfacet
  facet normal 0.000000e+00 1.000000e+00 0.000000e+00
    outer loop
      vertex   1.742981e+02 5.250000e+01 3.071644e+00
      vertex   1.770000e+02 5.250000e+01 1.864008e+00
      vertex   1.742907e+02 5.250000e+01 3.064249e+00
    endloop
  endfacet
  facet normal 0.000000e+00 1.000000e+00 0.000000e+00
    outer loop
      vertex   1.745921e+02 5.250000e+01 3.491438e+00
      vertex   1.770000e+02 5.250000e+01 1.864008e+00
      vertex   1.742981e+02 5.250000e+01 3.071644e+00
    endloop
  endfacet
  facet normal 0.000000e+00 1.000000e+00 0.000000e+00
    outer loop
      vertex   1.745981e+02 5.250000e+01 3.500006e+00
      vertex   1.770000e+02 5.250000e+01 1.864008e+00
      vertex   1.745921e+02 5.250000e+01 3.491438e+00
    endloop
  endfacet
  facet normal 0.000000e+00 1.000000e+00 0.000000e+00
    outer loop
      vertex   1.748147e+02 5.250000e+01 3.964468e+00
      vertex   1.770000e+02 5.250000e+01 1.864008e+00
      vertex   1.745981e+02 5.250000e+01 3.500006e+00
    endloop
  endfacet
  facet normal 0.000000e+00 1.000000e+00 0.000000e+00
    outer loop
      vertex   1.748191e+02 5.250000e+01 3.973946e+00
      vertex   1.770000e+02 5.250000e+01 1.864008e+00
      vertex   1.748147e+02 5.250000e+01 3.964468e+00
    endloop
  endfacet
  facet normal -0.000000e+00 1.000000e+00 0.000000e+00
    outer loop
      vertex   1.769600e+02 5.250000e+01 5.000010e+00
      vertex   1.770000e+02 5.250000e+01 5.000010e+00
      vertex   1.770000e+02 5.250000e+01 1.864008e+00
    endloop
  endfacet
  facet normal 0.000000e+00 1.000000e+00 0.000000e+00
    outer loop
      vertex   1.769600e+02 5.250000e+01 5.000010e+00
      vertex   1.770000e+02 5.250000e+01 1.864008e+00
      vertex   1.748191e+02 5.250000e+01 3.973946e+00
    endloop
  endfacet
  facet normal 0.000000e+00 1.000000e+00 0.000000e+00
    outer loop
      vertex   1.769600e+02 5.250000e+01 5.000010e+00
      vertex   1.748191e+02 5.250000e+01 3.973946e+00
      vertex   1.749517e+02 5.250000e+01 4.468960e+00
    endloop
  endfacet
  facet normal 0.000000e+00 1.000000e+00 0.000000e+00
    outer loop
      vertex   1.769600e+02 5.250000e+01 5.000010e+00
      vertex   1.749517e+02 5.250000e+01 4.468960e+00
      vertex   1.749544e+02 5.250000e+01 4.479061e+00
    endloop
  endfacet
  facet normal 0.000000e+00 1.000000e+00 0.000000e+00
    outer loop
      vertex   1.769600e+02 5.250000e+01 5.000010e+00
      vertex   1.749544e+02 5.250000e+01 4.479061e+00
      vertex   1.749991e+02 5.250000e+01 4.989592e+00
    endloop
  endfacet
  facet normal 0.000000e+00 1.000000e+00 0.000000e+00
    outer loop
      vertex   1.769600e+02 5.250000e+01 5.000010e+00
      vertex   1.749991e+02 5.250000e+01 4.989592e+00
      vertex   1.750000e+02 5.250000e+01 5.000010e+00
    endloop
  endfacet
  facet normal 0.000000e+00 1.000000e+00 0.000000e+00
    outer loop
      vertex   7.499001e+01 5.250000e+01 1.144409e-05
      vertex   7.500001e+01 5.250000e+01 3.361569e-01
      vertex   7.500001e+01 5.250000e+01 1.144409e-05
    endloop
  endfacet
  facet normal 0.000000e+00 1.000000e+00 0.000000e+00
    outer loop
      vertex   7.500001e+01 5.250000e+01 4.407520e-01
      vertex   7.500001e+01 5.250000e+01 4.346066e-01
      vertex   7.448688e+01 5.250000e+01 1.886368e-03
    endloop
  endfacet
  facet normal 0.000000e+00 1.000000e+00 0.000000e+00
    outer loop
      vertex   7.500001e+01 5.250000e+01 4.346066e-01
      vertex   7.500001e+01 5.250000e+01 4.286289e-01
      vertex   7.448688e+01 5.250000e+01 1.886368e-03
    endloop
  endfacet
  facet normal 0.000000e+00 1.000000e+00 0.000000e+00
    outer loop
      vertex   7.500001e+01 5.250000e+01 4.286289e-01
      vertex   7.500001e+01 5.250000e+01 4.228134e-01
      vertex   7.448688e+01 5.250000e+01 1.886368e-03
    endloop
  endfacet
  facet normal 0.000000e+00 1.000000e+00 0.000000e+00
    outer loop
      vertex   7.500001e+01 5.250000e+01 4.228134e-01
      vertex   7.500001e+01 5.250000e+01 4.171524e-01
      vertex   7.448688e+01 5.250000e+01 1.886368e-03
    endloop
  endfacet
  facet normal 0.000000e+00 1.000000e+00 0.000000e+00
    outer loop
      vertex   7.500001e+01 5.250000e+01 4.171524e-01
      vertex   7.500001e+01 5.250000e+01 4.116421e-01
      vertex   7.448688e+01 5.250000e+01 1.886368e-03
    endloop
  endfacet
  facet normal 0.000000e+00 1.000000e+00 0.000000e+00
    outer loop
      vertex   7.450001e+01 5.250000e+01 1.144409e-05
      vertex   7.500001e+01 5.250000e+01 4.116421e-01
      vertex   7.500001e+01 5.250000e+01 4.062767e-01
    endloop
  endfacet
  facet normal 0.000000e+00 1.000000e+00 0.000000e+00
    outer loop
      vertex   7.450001e+01 5.250000e+01 1.144409e-05
      vertex   7.500001e+01 5.250000e+01 4.062767e-01
      vertex   7.500001e+01 5.250000e+01 4.010468e-01
    endloop
  endfacet
  facet normal 0.000000e+00 1.000000e+00 0.000000e+00
    outer loop
      vertex   7.450001e+01 5.250000e+01 1.144409e-05
      vertex   7.500001e+01 5.250000e+01 4.010468e-01
      vertex   7.500001e+01 5.250000e+01 3.959522e-01
    endloop
  endfacet
  facet normal 0.000000e+00 1.000000e+00 0.000000e+00
    outer loop
      vertex   7.450001e+01 5.250000e+01 1.144409e-05
      vertex   7.500001e+01 5.250000e+01 3.959522e-01
      vertex   7.500001e+01 5.250000e+01 3.909836e-01
    endloop
  endfacet
  facet normal 0.000000e+00 1.000000e+00 0.000000e+00
    outer loop
      vertex   7.450001e+01 5.250000e+01 1.144409e-05
      vertex   7.500001e+01 5.250000e+01 3.909836e-01
      vertex   7.500001e+01 5.250000e+01 3.861389e-01
    endloop
  endfacet
  facet normal 0.000000e+00 1.000000e+00 0.000000e+00
    outer loop
      vertex   7.450001e+01 5.250000e+01 1.144409e-05
      vertex   7.500001e+01 5.250000e+01 3.861389e-01
      vertex   7.500001e+01 5.250000e+01 3.814144e-01
    endloop
  endfacet
  facet normal 0.000000e+00 1.000000e+00 0.000000e+00
    outer loop
      vertex   7.450001e+01 5.250000e+01 1.144409e-05
      vertex   7.500001e+01 5.250000e+01 3.814144e-01
      vertex   7.500001e+01 5.250000e+01 3.768025e-01
    endloop
  endfacet
  facet normal 0.000000e+00 1.000000e+00 0.000000e+00
    outer loop
      vertex   7.450001e+01 5.250000e+01 1.144409e-05
      vertex   7.500001e+01 5.250000e+01 3.768025e-01
      vertex   7.500001e+01 5.250000e+01 3.723011e-01
    endloop
  endfacet
  facet normal 0.000000e+00 1.000000e+00 0.000000e+00
    outer loop
      vertex   7.450001e+01 5.250000e+01 1.144409e-05
      vertex   7.500001e+01 5.250000e+01 3.723011e-01
      vertex   7.500001e+01 5.250000e+01 3.679047e-01
    endloop
  endfacet
  facet normal 0.000000e+00 1.000000e+00 0.000000e+00
    outer loop
      vertex   7.450001e+01 5.250000e+01 1.144409e-05
      vertex   7.500001e+01 5.250000e+01 3.679047e-01
      vertex   7.500001e+01 5.250000e+01 3.636131e-01
    endloop
  endfacet
  facet normal 0.000000e+00 1.000000e+00 0.000000e+00
    outer loop
      vertex   7.450001e+01 5.250000e+01 1.144409e-05
      vertex   7.500001e+01 5.250000e+01 3.636131e-01
      vertex   7.500001e+01 5.250000e+01 3.594189e-01
    endloop
  endfacet
  facet normal 0.000000e+00 1.000000e+00 0.000000e+00
    outer loop
      vertex   7.450001e+01 5.250000e+01 1.144409e-05
      vertex   7.500001e+01 5.250000e+01 3.594189e-01
      vertex   7.500001e+01 5.250000e+01 3.553200e-01
    endloop
  endfacet
  facet normal 0.000000e+00 1.000000e+00 0.000000e+00
    outer loop
      vertex   7.450001e+01 5.250000e+01 1.144409e-05
      vertex   7.500001e+01 5.250000e+01 3.553200e-01
      vertex   7.500001e+01 5.250000e+01 3.513145e-01
    endloop
  endfacet
  facet normal 0.000000e+00 1.000000e+00 0.000000e+00
    outer loop
      vertex   7.450001e+01 5.250000e+01 1.144409e-05
      vertex   7.500001e+01 5.250000e+01 3.513145e-01
      vertex   7.500001e+01 5.250000e+01 3.473988e-01
    endloop
  endfacet
  facet normal 0.000000e+00 1.000000e+00 0.000000e+00
    outer loop
      vertex   7.450001e+01 5.250000e+01 1.144409e-05
      vertex   7.500001e+01 5.250000e+01 3.473988e-01
      vertex   7.500001e+01 5.250000e+01 3.435688e-01
    endloop
  endfacet
  facet normal 0.000000e+00 1.000000e+00 0.000000e+00
    outer loop
      vertex   7.450001e+01 5.250000e+01 1.144409e-05
      vertex   7.500001e+01 5.250000e+01 3.435688e-01
      vertex   7.500001e+01 5.250000e+01 3.398228e-01
    endloop
  endfacet
  facet normal 0.000000e+00 1.000000e+00 0.000000e+00
    outer loop
      vertex   7.450001e+01 5.250000e+01 1.144409e-05
      vertex   7.500001e+01 5.250000e+01 3.398228e-01
      vertex   7.500001e+01 5.250000e+01 3.361569e-01
    endloop
  endfacet
  facet normal 0.000000e+00 1.000000e+00 0.000000e+00
    outer loop
      vertex   7.450001e+01 5.250000e+01 1.144409e-05
      vertex   7.500001e+01 5.250000e+01 3.361569e-01
      vertex   7.499001e+01 5.250000e+01 1.144409e-05
    endloop
  endfacet
  facet normal 0.000000e+00 1.000000e+00 0.000000e+00
    outer loop
      vertex   7.500001e+01 5.250000e+01 5.400486e-01
      vertex   7.500001e+01 5.250000e+01 5.308495e-01
      vertex   7.384376e+01 5.250000e+01 9.376145e-02
    endloop
  endfacet
  facet normal 0.000000e+00 1.000000e+00 0.000000e+00
    outer loop
      vertex   7.500001e+01 5.250000e+01 5.308495e-01
      vertex   7.500001e+01 5.250000e+01 5.219574e-01
      vertex   7.384376e+01 5.250000e+01 9.376145e-02
    endloop
  endfacet
  facet normal 0.000000e+00 1.000000e+00 0.000000e+00
    outer loop
      vertex   7.500001e+01 5.250000e+01 5.219574e-01
      vertex   7.500001e+01 5.250000e+01 5.133591e-01
      vertex   7.384376e+01 5.250000e+01 9.376145e-02
    endloop
  endfacet
  facet normal 0.000000e+00 1.000000e+00 0.000000e+00
    outer loop
      vertex   7.500001e+01 5.250000e+01 5.133591e-01
      vertex   7.500001e+01 5.250000e+01 5.050392e-01
      vertex   7.384376e+01 5.250000e+01 9.376145e-02
    endloop
  endfacet
  facet normal 0.000000e+00 1.000000e+00 0.000000e+00
    outer loop
      vertex   7.500001e+01 5.250000e+01 5.050392e-01
      vertex   7.500001e+01 5.250000e+01 4.969845e-01
      vertex   7.384376e+01 5.250000e+01 9.376145e-02
    endloop
  endfacet
  facet normal 0.000000e+00 1.000000e+00 0.000000e+00
    outer loop
      vertex   7.448688e+01 5.250000e+01 1.886368e-03
      vertex   7.500001e+01 5.250000e+01 4.969845e-01
      vertex   7.500001e+01 5.250000e+01 4.891834e-01
    endloop
  endfacet
  facet normal 0.000000e+00 1.000000e+00 0.000000e+00
    outer loop
      vertex   7.448688e+01 5.250000e+01 1.886368e-03
      vertex   7.500001e+01 5.250000e+01 4.891834e-01
      vertex   7.500001e+01 5.250000e+01 4.816227e-01
    endloop
  endfacet
  facet normal 0.000000e+00 1.000000e+00 0.000000e+00
    outer loop
      vertex   7.448688e+01 5.250000e+01 1.886368e-03
      vertex   7.500001e+01 5.250000e+01 4.816227e-01
      vertex   7.500001e+01 5.250000e+01 4.742928e-01
    endloop
  endfacet
  facet normal 0.000000e+00 1.000000e+00 0.000000e+00
    outer loop
      vertex   7.448688e+01 5.250000e+01 1.886368e-03
      vertex   7.500001e+01 5.250000e+01 4.742928e-01
      vertex   7.500001e+01 5.250000e+01 4.671822e-01
    endloop
  endfacet
  facet normal 0.000000e+00 1.000000e+00 0.000000e+00
    outer loop
      vertex   7.448688e+01 5.250000e+01 1.886368e-03
      vertex   7.500001e+01 5.250000e+01 4.671822e-01
      vertex   7.500001e+01 5.250000e+01 4.602833e-01
    endloop
  endfacet
  facet normal 0.000000e+00 1.000000e+00 0.000000e+00
    outer loop
      vertex   7.448688e+01 5.250000e+01 1.886368e-03
      vertex   7.500001e+01 5.250000e+01 4.602833e-01
      vertex   7.500001e+01 5.250000e+01 4.535828e-01
    endloop
  endfacet
  facet normal 0.000000e+00 1.000000e+00 0.000000e+00
    outer loop
      vertex   7.448688e+01 5.250000e+01 1.886368e-03
      vertex   7.500001e+01 5.250000e+01 4.535828e-01
      vertex   7.500001e+01 5.250000e+01 4.470749e-01
    endloop
  endfacet
  facet normal 0.000000e+00 1.000000e+00 0.000000e+00
    outer loop
      vertex   7.448688e+01 5.250000e+01 1.886368e-03
      vertex   7.500001e+01 5.250000e+01 4.470749e-01
      vertex   7.500001e+01 5.250000e+01 4.407520e-01
    endloop
  endfacet
  facet normal 0.000000e+00 1.000000e+00 -0.000000e+00
    outer loop
      vertex   7.450001e+01 5.250000e+01 1.144409e-05
      vertex   7.448688e+01 5.250000e+01 1.886368e-03
      vertex   7.500001e+01 5.250000e+01 4.116421e-01
    endloop
  endfacet
  facet normal 0.000000e+00 1.000000e+00 -0.000000e+00
    outer loop
      vertex   7.448688e+01 5.250000e+01 1.886368e-03
      vertex   7.384376e+01 5.250000e+01 9.376145e-02
      vertex   7.500001e+01 5.250000e+01 4.969845e-01
    endloop
  endfacet
  facet normal -0.000000e+00 1.000000e+00 0.000000e+00
    outer loop
      vertex   7.383438e+01 5.250000e+01 9.938622e-02
      vertex   7.500001e+01 5.250000e+01 5.400486e-01
      vertex   7.384376e+01 5.250000e+01 9.376145e-02
    endloop
  endfacet
  facet normal -0.000000e+00 1.000000e+00 0.000000e+00
    outer loop
      vertex   7.336938e+01 5.250000e+01 3.843861e-01
      vertex   7.500001e+01 5.250000e+01 5.400486e-01
      vertex   7.337501e+01 5.250000e+01 3.750114e-01
    endloop
  endfacet
  facet normal 0.000000e+00 1.000000e+00 -0.000000e+00
    outer loop
      vertex   7.383438e+01 5.250000e+01 9.938622e-02
      vertex   7.337501e+01 5.250000e+01 3.750114e-01
      vertex   7.500001e+01 5.250000e+01 5.400486e-01
    endloop
  endfacet
  facet normal 0.000000e+00 1.000000e+00 0.000000e+00
    outer loop
      vertex   7.309188e+01 5.250000e+01 8.568859e-01
      vertex   7.500001e+01 5.250000e+01 5.400486e-01
      vertex   7.309376e+01 5.250000e+01 8.437615e-01
    endloop
  endfacet
  facet normal 0.000000e+00 1.000000e+00 -0.000000e+00
    outer loop
      vertex   7.336938e+01 5.250000e+01 3.843861e-01
      vertex   7.309376e+01 5.250000e+01 8.437615e-01
      vertex   7.500001e+01 5.250000e+01 5.400486e-01
    endloop
  endfacet
  facet normal 0.000000e+00 1.000000e+00 0.000000e+00
    outer loop
      vertex   7.300001e+01 5.250000e+01 1.500011e+00
      vertex   7.500001e+01 5.250000e+01 5.400486e-01
      vertex   7.309188e+01 5.250000e+01 8.568859e-01
    endloop
  endfacet
  facet normal 0.000000e+00 1.000000e+00 0.000000e+00
    outer loop
      vertex   7.300001e+01 5.250000e+01 1.803795e+00
      vertex   7.500001e+01 5.250000e+01 5.400486e-01
      vertex   7.300001e+01 5.250000e+01 1.500011e+00
    endloop
  endfacet
  facet normal 0.000000e+00 1.000000e+00 0.000000e+00
    outer loop
      vertex   7.300001e+01 5.250000e+01 1.807108e+00
      vertex   7.500001e+01 5.250000e+01 5.400486e-01
      vertex   7.300001e+01 5.250000e+01 1.803795e+00
    endloop
  endfacet
  facet normal 0.000000e+00 1.000000e+00 0.000000e+00
    outer loop
      vertex   7.300001e+01 5.250000e+01 1.810493e+00
      vertex   7.500001e+01 5.250000e+01 5.400486e-01
      vertex   7.300001e+01 5.250000e+01 1.807108e+00
    endloop
  endfacet
  facet normal 0.000000e+00 1.000000e+00 0.000000e+00
    outer loop
      vertex   7.300001e+01 5.250000e+01 1.813955e+00
      vertex   7.500001e+01 5.250000e+01 5.400486e-01
      vertex   7.300001e+01 5.250000e+01 1.810493e+00
    endloop
  endfacet
  facet normal 0.000000e+00 1.000000e+00 0.000000e+00
    outer loop
      vertex   7.300001e+01 5.250000e+01 1.817493e+00
      vertex   7.500001e+01 5.250000e+01 5.400486e-01
      vertex   7.300001e+01 5.250000e+01 1.813955e+00
    endloop
  endfacet
  facet normal 0.000000e+00 1.000000e+00 0.000000e+00
    outer loop
      vertex   7.300001e+01 5.250000e+01 1.821114e+00
      vertex   7.500001e+01 5.250000e+01 5.400486e-01
      vertex   7.300001e+01 5.250000e+01 1.817493e+00
    endloop
  endfacet
  facet normal 0.000000e+00 1.000000e+00 0.000000e+00
    outer loop
      vertex   7.300001e+01 5.250000e+01 1.824818e+00
      vertex   7.500001e+01 5.250000e+01 5.400486e-01
      vertex   7.300001e+01 5.250000e+01 1.821114e+00
    endloop
  endfacet
  facet normal 0.000000e+00 1.000000e+00 0.000000e+00
    outer loop
      vertex   7.300001e+01 5.250000e+01 1.828608e+00
      vertex   7.500001e+01 5.250000e+01 5.400486e-01
      vertex   7.300001e+01 5.250000e+01 1.824818e+00
    endloop
  endfacet
  facet normal 0.000000e+00 1.000000e+00 0.000000e+00
    outer loop
      vertex   7.300001e+01 5.250000e+01 1.832487e+00
      vertex   7.500001e+01 5.250000e+01 5.400486e-01
      vertex   7.300001e+01 5.250000e+01 1.828608e+00
    endloop
  endfacet
  facet normal 0.000000e+00 1.000000e+00 0.000000e+00
    outer loop
      vertex   7.300001e+01 5.250000e+01 1.836460e+00
      vertex   7.500001e+01 5.250000e+01 5.400486e-01
      vertex   7.300001e+01 5.250000e+01 1.832487e+00
    endloop
  endfacet
  facet normal 0.000000e+00 1.000000e+00 0.000000e+00
    outer loop
      vertex   7.300001e+01 5.250000e+01 1.840527e+00
      vertex   7.500001e+01 5.250000e+01 5.400486e-01
      vertex   7.300001e+01 5.250000e+01 1.836460e+00
    endloop
  endfacet
  facet normal 0.000000e+00 1.000000e+00 0.000000e+00
    outer loop
      vertex   7.300001e+01 5.250000e+01 1.844696e+00
      vertex   7.500001e+01 5.250000e+01 5.400486e-01
      vertex   7.300001e+01 5.250000e+01 1.840527e+00
    endloop
  endfacet
  facet normal 0.000000e+00 1.000000e+00 0.000000e+00
    outer loop
      vertex   7.300001e+01 5.250000e+01 1.848967e+00
      vertex   7.500001e+01 5.250000e+01 5.400486e-01
      vertex   7.300001e+01 5.250000e+01 1.844696e+00
    endloop
  endfacet
  facet normal 0.000000e+00 1.000000e+00 0.000000e+00
    outer loop
      vertex   7.300001e+01 5.250000e+01 1.853344e+00
      vertex   7.500001e+01 5.250000e+01 5.400486e-01
      vertex   7.300001e+01 5.250000e+01 1.848967e+00
    endloop
  endfacet
  facet normal 0.000000e+00 1.000000e+00 0.000000e+00
    outer loop
      vertex   7.300001e+01 5.250000e+01 1.857834e+00
      vertex   7.500001e+01 5.250000e+01 5.400486e-01
      vertex   7.300001e+01 5.250000e+01 1.853344e+00
    endloop
  endfacet
  facet normal 0.000000e+00 1.000000e+00 0.000000e+00
    outer loop
      vertex   7.300001e+01 5.250000e+01 1.862438e+00
      vertex   7.500001e+01 5.250000e+01 5.400486e-01
      vertex   7.300001e+01 5.250000e+01 1.857834e+00
    endloop
  endfacet
  facet normal 0.000000e+00 1.000000e+00 0.000000e+00
    outer loop
      vertex   7.300001e+01 5.250000e+01 1.867165e+00
      vertex   7.500001e+01 5.250000e+01 5.400486e-01
      vertex   7.300001e+01 5.250000e+01 1.862438e+00
    endloop
  endfacet
  facet normal 0.000000e+00 1.000000e+00 0.000000e+00
    outer loop
      vertex   7.300001e+01 5.250000e+01 1.872013e+00
      vertex   7.500001e+01 5.250000e+01 5.400486e-01
      vertex   7.300001e+01 5.250000e+01 1.867165e+00
    endloop
  endfacet
  facet normal 0.000000e+00 1.000000e+00 0.000000e+00
    outer loop
      vertex   7.300001e+01 5.250000e+01 1.876993e+00
      vertex   7.500001e+01 5.250000e+01 5.400486e-01
      vertex   7.300001e+01 5.250000e+01 1.872013e+00
    endloop
  endfacet
  facet normal 0.000000e+00 1.000000e+00 0.000000e+00
    outer loop
      vertex   7.300001e+01 5.250000e+01 1.882109e+00
      vertex   7.500001e+01 5.250000e+01 5.400486e-01
      vertex   7.300001e+01 5.250000e+01 1.876993e+00
    endloop
  endfacet
  facet normal 0.000000e+00 1.000000e+00 0.000000e+00
    outer loop
      vertex   7.300001e+01 5.250000e+01 1.887363e+00
      vertex   7.500001e+01 5.250000e+01 5.400486e-01
      vertex   7.300001e+01 5.250000e+01 1.882109e+00
    endloop
  endfacet
  facet normal 0.000000e+00 1.000000e+00 0.000000e+00
    outer loop
      vertex   7.300001e+01 5.250000e+01 1.892767e+00
      vertex   7.500001e+01 5.250000e+01 5.400486e-01
      vertex   7.300001e+01 5.250000e+01 1.887363e+00
    endloop
  endfacet
  facet normal 0.000000e+00 1.000000e+00 0.000000e+00
    outer loop
      vertex   7.300001e+01 5.250000e+01 1.898321e+00
      vertex   7.500001e+01 5.250000e+01 5.400486e-01
      vertex   7.300001e+01 5.250000e+01 1.892767e+00
    endloop
  endfacet
  facet normal 0.000000e+00 1.000000e+00 0.000000e+00
    outer loop
      vertex   7.300001e+01 5.250000e+01 1.904036e+00
      vertex   7.500001e+01 5.250000e+01 5.400486e-01
      vertex   7.300001e+01 5.250000e+01 1.898321e+00
    endloop
  endfacet
  facet normal 0.000000e+00 1.000000e+00 0.000000e+00
    outer loop
      vertex   7.300001e+01 5.250000e+01 1.909916e+00
      vertex   7.500001e+01 5.250000e+01 5.400486e-01
      vertex   7.300001e+01 5.250000e+01 1.904036e+00
    endloop
  endfacet
  facet normal 0.000000e+00 1.000000e+00 0.000000e+00
    outer loop
      vertex   7.300001e+01 5.250000e+01 1.915972e+00
      vertex   7.500001e+01 5.250000e+01 5.400486e-01
      vertex   7.300001e+01 5.250000e+01 1.909916e+00
    endloop
  endfacet
  facet normal 0.000000e+00 1.000000e+00 0.000000e+00
    outer loop
      vertex   7.300001e+01 5.250000e+01 1.922207e+00
      vertex   7.500001e+01 5.250000e+01 5.400486e-01
      vertex   7.300001e+01 5.250000e+01 1.915972e+00
    endloop
  endfacet
  facet normal 0.000000e+00 1.000000e+00 0.000000e+00
    outer loop
      vertex   7.300001e+01 5.250000e+01 1.928633e+00
      vertex   7.500001e+01 5.250000e+01 5.400486e-01
      vertex   7.300001e+01 5.250000e+01 1.922207e+00
    endloop
  endfacet
  facet normal 0.000000e+00 1.000000e+00 0.000000e+00
    outer loop
      vertex   7.300001e+01 5.250000e+01 1.935257e+00
      vertex   7.500001e+01 5.250000e+01 5.400486e-01
      vertex   7.300001e+01 5.250000e+01 1.928633e+00
    endloop
  endfacet
  facet normal 0.000000e+00 1.000000e+00 0.000000e+00
    outer loop
      vertex   7.300001e+01 5.250000e+01 1.942089e+00
      vertex   7.500001e+01 5.250000e+01 5.400486e-01
      vertex   7.300001e+01 5.250000e+01 1.935257e+00
    endloop
  endfacet
  facet normal 0.000000e+00 1.000000e+00 0.000000e+00
    outer loop
      vertex   7.300001e+01 5.250000e+01 1.949141e+00
      vertex   7.500001e+01 5.250000e+01 5.400486e-01
      vertex   7.300001e+01 5.250000e+01 1.942089e+00
    endloop
  endfacet
  facet normal 0.000000e+00 1.000000e+00 0.000000e+00
    outer loop
      vertex   7.300001e+01 5.250000e+01 1.956419e+00
      vertex   7.500001e+01 5.250000e+01 5.400486e-01
      vertex   7.300001e+01 5.250000e+01 1.949141e+00
    endloop
  endfacet
  facet normal 0.000000e+00 1.000000e+00 0.000000e+00
    outer loop
      vertex   7.300001e+01 5.250000e+01 1.963938e+00
      vertex   7.500001e+01 5.250000e+01 5.400486e-01
      vertex   7.300001e+01 5.250000e+01 1.956419e+00
    endloop
  endfacet
  facet normal 0.000000e+00 1.000000e+00 0.000000e+00
    outer loop
      vertex   7.300001e+01 5.250000e+01 1.971708e+00
      vertex   7.500001e+01 5.250000e+01 5.400486e-01
      vertex   7.300001e+01 5.250000e+01 1.963938e+00
    endloop
  endfacet
  facet normal 0.000000e+00 1.000000e+00 0.000000e+00
    outer loop
      vertex   7.300001e+01 5.250000e+01 1.979744e+00
      vertex   7.500001e+01 5.250000e+01 5.400486e-01
      vertex   7.300001e+01 5.250000e+01 1.971708e+00
    endloop
  endfacet
  facet normal 0.000000e+00 1.000000e+00 0.000000e+00
    outer loop
      vertex   7.500001e+01 5.250000e+01 5.400486e-01
      vertex   7.300001e+01 5.250000e+01 1.988058e+00
      vertex   7.400000e+01 5.250000e+01 2.250153e+01
    endloop
  endfacet
  facet normal 0.000000e+00 1.000000e+00 0.000000e+00
    outer loop
      vertex   7.300001e+01 5.250000e+01 1.988058e+00
      vertex   7.500001e+01 5.250000e+01 5.400486e-01
      vertex   7.300001e+01 5.250000e+01 1.979744e+00
    endloop
  endfacet
  facet normal -0.000000e+00 1.000000e+00 0.000000e+00
    outer loop
      vertex   7.300000e+01 5.250000e+01 4.301499e+01
      vertex   7.500000e+01 5.250000e+01 4.301499e+01
      vertex   7.400000e+01 5.250000e+01 2.250153e+01
    endloop
  endfacet
  facet normal 0.000000e+00 1.000000e+00 0.000000e+00
    outer loop
      vertex   7.300000e+01 5.250000e+01 4.301499e+01
      vertex   7.300000e+01 5.250000e+01 4.336160e+01
      vertex   7.500000e+01 5.250000e+01 4.301499e+01
    endloop
  endfacet
  facet normal 0.000000e+00 1.000000e+00 0.000000e+00
    outer loop
      vertex   7.500000e+01 5.250000e+01 4.336160e+01
      vertex   7.500000e+01 5.250000e+01 4.301499e+01
      vertex   7.300000e+01 5.250000e+01 4.336160e+01
    endloop
  endfacet
  facet normal 0.000000e+00 1.000000e+00 0.000000e+00
    outer loop
      vertex   7.300000e+01 5.250000e+01 4.336160e+01
      vertex   7.300000e+01 5.250000e+01 4.339626e+01
      vertex   7.500000e+01 5.250000e+01 4.336160e+01
    endloop
  endfacet
  facet normal 0.000000e+00 1.000000e+00 0.000000e+00
    outer loop
      vertex   7.500000e+01 5.250000e+01 4.339626e+01
      vertex   7.500000e+01 5.250000e+01 4.336160e+01
      vertex   7.300000e+01 5.250000e+01 4.339626e+01
    endloop
  endfacet
  facet normal 0.000000e+00 1.000000e+00 0.000000e+00
    outer loop
      vertex   7.300000e+01 5.250000e+01 4.339626e+01
      vertex   7.300000e+01 5.250000e+01 4.374286e+01
      vertex   7.500000e+01 5.250000e+01 4.339626e+01
    endloop
  endfacet
  facet normal 0.000000e+00 1.000000e+00 0.000000e+00
    outer loop
      vertex   7.500000e+01 5.250000e+01 4.374286e+01
      vertex   7.500000e+01 5.250000e+01 4.339626e+01
      vertex   7.300000e+01 5.250000e+01 4.374286e+01
    endloop
  endfacet
  facet normal 0.000000e+00 1.000000e+00 0.000000e+00
    outer loop
      vertex   7.500000e+01 5.250000e+01 4.375557e+01
      vertex   7.500000e+01 5.250000e+01 4.375148e+01
      vertex   7.300000e+01 5.250000e+01 4.375557e+01
    endloop
  endfacet
  facet normal -0.000000e+00 1.000000e+00 0.000000e+00
    outer loop
      vertex   7.300000e+01 5.250000e+01 4.375148e+01
      vertex   7.500000e+01 5.250000e+01 4.375148e+01
      vertex   7.300000e+01 5.250000e+01 4.374724e+01
    endloop
  endfacet
  facet normal 0.000000e+00 1.000000e+00 -0.000000e+00
    outer loop
      vertex   7.500000e+01 5.250000e+01 4.374286e+01
      vertex   7.300000e+01 5.250000e+01 4.374286e+01
      vertex   7.500000e+01 5.250000e+01 4.374724e+01
    endloop
  endfacet
  facet normal -0.000000e+00 1.000000e+00 0.000000e+00
    outer loop
      vertex   7.300000e+01 5.250000e+01 4.374724e+01
      vertex   7.500000e+01 5.250000e+01 4.374724e+01
      vertex   7.300000e+01 5.250000e+01 4.374286e+01
    endloop
  endfacet
  facet normal 0.000000e+00 1.000000e+00 -0.000000e+00
    outer loop
      vertex   7.500000e+01 5.250000e+01 4.374724e+01
      vertex   7.300000e+01 5.250000e+01 4.374724e+01
      vertex   7.500000e+01 5.250000e+01 4.375148e+01
    endloop
  endfacet
  facet normal 0.000000e+00 1.000000e+00 0.000000e+00
    outer loop
      vertex   7.300000e+01 5.250000e+01 4.375148e+01
      vertex   7.300000e+01 5.250000e+01 4.375557e+01
      vertex   7.500000e+01 5.250000e+01 4.375148e+01
    endloop
  endfacet
  facet normal 0.000000e+00 1.000000e+00 0.000000e+00
    outer loop
      vertex   7.500000e+01 5.250000e+01 4.375953e+01
      vertex   7.500000e+01 5.250000e+01 4.375557e+01
      vertex   7.300000e+01 5.250000e+01 4.375953e+01
    endloop
  endfacet
  facet normal 0.000000e+00 1.000000e+00 0.000000e+00
    outer loop
      vertex   7.300000e+01 5.250000e+01 4.375953e+01
      vertex   7.300000e+01 5.250000e+01 4.376337e+01
      vertex   7.500000e+01 5.250000e+01 4.375953e+01
    endloop
  endfacet
  facet normal 0.000000e+00 1.000000e+00 0.000000e+00
    outer loop
      vertex   7.304000e+01 5.250000e+01 4.400001e+01
      vertex   7.300000e+01 5.250000e+01 4.376337e+01
      vertex   7.300000e+01 5.250000e+01 4.376708e+01
    endloop
  endfacet
  facet normal 0.000000e+00 1.000000e+00 0.000000e+00
    outer loop
      vertex   7.304000e+01 5.250000e+01 4.400001e+01
      vertex   7.300000e+01 5.250000e+01 4.376708e+01
      vertex   7.300000e+01 5.250000e+01 4.377068e+01
    endloop
  endfacet
  facet normal 0.000000e+00 1.000000e+00 0.000000e+00
    outer loop
      vertex   7.304000e+01 5.250000e+01 4.400001e+01
      vertex   7.300000e+01 5.250000e+01 4.377068e+01
      vertex   7.300000e+01 5.250000e+01 4.377417e+01
    endloop
  endfacet
  facet normal 0.000000e+00 1.000000e+00 0.000000e+00
    outer loop
      vertex   7.304000e+01 5.250000e+01 4.400001e+01
      vertex   7.300000e+01 5.250000e+01 4.377417e+01
      vertex   7.300000e+01 5.250000e+01 4.377756e+01
    endloop
  endfacet
  facet normal 0.000000e+00 1.000000e+00 0.000000e+00
    outer loop
      vertex   7.304000e+01 5.250000e+01 4.400001e+01
      vertex   7.300000e+01 5.250000e+01 4.377756e+01
      vertex   7.300000e+01 5.250000e+01 4.378084e+01
    endloop
  endfacet
  facet normal 0.000000e+00 1.000000e+00 0.000000e+00
    outer loop
      vertex   7.304000e+01 5.250000e+01 4.400001e+01
      vertex   7.300000e+01 5.250000e+01 4.378084e+01
      vertex   7.300000e+01 5.250000e+01 4.378403e+01
    endloop
  endfacet
  facet normal 0.000000e+00 1.000000e+00 0.000000e+00
    outer loop
      vertex   7.304000e+01 5.250000e+01 4.400001e+01
      vertex   7.300000e+01 5.250000e+01 4.378403e+01
      vertex   7.300000e+01 5.250000e+01 4.378713e+01
    endloop
  endfacet
  facet normal 0.000000e+00 1.000000e+00 0.000000e+00
    outer loop
      vertex   7.304000e+01 5.250000e+01 4.400001e+01
      vertex   7.300000e+01 5.250000e+01 4.378713e+01
      vertex   7.300000e+01 5.250000e+01 4.379014e+01
    endloop
  endfacet
  facet normal 0.000000e+00 1.000000e+00 0.000000e+00
    outer loop
      vertex   7.304000e+01 5.250000e+01 4.400001e+01
      vertex   7.300000e+01 5.250000e+01 4.379014e+01
      vertex   7.300000e+01 5.250000e+01 4.379307e+01
    endloop
  endfacet
  facet normal 0.000000e+00 1.000000e+00 0.000000e+00
    outer loop
      vertex   7.304000e+01 5.250000e+01 4.400001e+01
      vertex   7.300000e+01 5.250000e+01 4.379307e+01
      vertex   7.300000e+01 5.250000e+01 4.379592e+01
    endloop
  endfacet
  facet normal 0.000000e+00 1.000000e+00 0.000000e+00
    outer loop
      vertex   7.304000e+01 5.250000e+01 4.400001e+01
      vertex   7.300000e+01 5.250000e+01 4.379592e+01
      vertex   7.300000e+01 5.250000e+01 4.379869e+01
    endloop
  endfacet
  facet normal 0.000000e+00 1.000000e+00 0.000000e+00
    outer loop
      vertex   7.304000e+01 5.250000e+01 4.400001e+01
      vertex   7.300000e+01 5.250000e+01 4.379869e+01
      vertex   7.300000e+01 5.250000e+01 4.380138e+01
    endloop
  endfacet
  facet normal 0.000000e+00 1.000000e+00 0.000000e+00
    outer loop
      vertex   7.304000e+01 5.250000e+01 4.400001e+01
      vertex   7.300000e+01 5.250000e+01 4.380138e+01
      vertex   7.300000e+01 5.250000e+01 4.380400e+01
    endloop
  endfacet
  facet normal 0.000000e+00 1.000000e+00 0.000000e+00
    outer loop
      vertex   7.304000e+01 5.250000e+01 4.400001e+01
      vertex   7.300000e+01 5.250000e+01 4.380400e+01
      vertex   7.300000e+01 5.250000e+01 4.380656e+01
    endloop
  endfacet
  facet normal 0.000000e+00 1.000000e+00 0.000000e+00
    outer loop
      vertex   7.304000e+01 5.250000e+01 4.400001e+01
      vertex   7.300000e+01 5.250000e+01 4.380656e+01
      vertex   7.300000e+01 5.250000e+01 4.380905e+01
    endloop
  endfacet
  facet normal 0.000000e+00 1.000000e+00 0.000000e+00
    outer loop
      vertex   7.304000e+01 5.250000e+01 4.400001e+01
      vertex   7.300000e+01 5.250000e+01 4.380905e+01
      vertex   7.300000e+01 5.250000e+01 4.381147e+01
    endloop
  endfacet
  facet normal 0.000000e+00 1.000000e+00 0.000000e+00
    outer loop
      vertex   7.304000e+01 5.250000e+01 4.400001e+01
      vertex   7.300000e+01 5.250000e+01 4.381147e+01
      vertex   7.300000e+01 5.250000e+01 4.381384e+01
    endloop
  endfacet
  facet normal 0.000000e+00 1.000000e+00 0.000000e+00
    outer loop
      vertex   7.304000e+01 5.250000e+01 4.400001e+01
      vertex   7.300000e+01 5.250000e+01 4.381384e+01
      vertex   7.300000e+01 5.250000e+01 4.381615e+01
    endloop
  endfacet
  facet normal 0.000000e+00 1.000000e+00 0.000000e+00
    outer loop
      vertex   7.304000e+01 5.250000e+01 4.400001e+01
      vertex   7.300000e+01 5.250000e+01 4.381615e+01
      vertex   7.300000e+01 5.250000e+01 4.381840e+01
    endloop
  endfacet
  facet normal 0.000000e+00 1.000000e+00 0.000000e+00
    outer loop
      vertex   7.304000e+01 5.250000e+01 4.400001e+01
      vertex   7.300000e+01 5.250000e+01 4.381840e+01
      vertex   7.300000e+01 5.250000e+01 4.382059e+01
    endloop
  endfacet
  facet normal 0.000000e+00 1.000000e+00 0.000000e+00
    outer loop
      vertex   7.304000e+01 5.250000e+01 4.400001e+01
      vertex   7.300000e+01 5.250000e+01 4.382059e+01
      vertex   7.300000e+01 5.250000e+01 4.382274e+01
    endloop
  endfacet
  facet normal 0.000000e+00 1.000000e+00 0.000000e+00
    outer loop
      vertex   7.304000e+01 5.250000e+01 4.400001e+01
      vertex   7.300000e+01 5.250000e+01 4.382274e+01
      vertex   7.300000e+01 5.250000e+01 4.382483e+01
    endloop
  endfacet
  facet normal 0.000000e+00 1.000000e+00 0.000000e+00
    outer loop
      vertex   7.304000e+01 5.250000e+01 4.400001e+01
      vertex   7.300000e+01 5.250000e+01 4.382483e+01
      vertex   7.300000e+01 5.250000e+01 4.382687e+01
    endloop
  endfacet
  facet normal 0.000000e+00 1.000000e+00 0.000000e+00
    outer loop
      vertex   7.304000e+01 5.250000e+01 4.400001e+01
      vertex   7.300000e+01 5.250000e+01 4.382687e+01
      vertex   7.300000e+01 5.250000e+01 4.382887e+01
    endloop
  endfacet
  facet normal 0.000000e+00 1.000000e+00 0.000000e+00
    outer loop
      vertex   7.304000e+01 5.250000e+01 4.400001e+01
      vertex   7.300000e+01 5.250000e+01 4.382887e+01
      vertex   7.300000e+01 5.250000e+01 4.383082e+01
    endloop
  endfacet
  facet normal 0.000000e+00 1.000000e+00 0.000000e+00
    outer loop
      vertex   7.304000e+01 5.250000e+01 4.400001e+01
      vertex   7.300000e+01 5.250000e+01 4.383082e+01
      vertex   7.300000e+01 5.250000e+01 4.383273e+01
    endloop
  endfacet
  facet normal 0.000000e+00 1.000000e+00 0.000000e+00
    outer loop
      vertex   7.304000e+01 5.250000e+01 4.400001e+01
      vertex   7.300000e+01 5.250000e+01 4.383273e+01
      vertex   7.300000e+01 5.250000e+01 4.383460e+01
    endloop
  endfacet
  facet normal 0.000000e+00 1.000000e+00 0.000000e+00
    outer loop
      vertex   7.304000e+01 5.250000e+01 4.400001e+01
      vertex   7.300000e+01 5.250000e+01 4.383460e+01
      vertex   7.300000e+01 5.250000e+01 4.383642e+01
    endloop
  endfacet
  facet normal 0.000000e+00 1.000000e+00 0.000000e+00
    outer loop
      vertex   7.304000e+01 5.250000e+01 4.400001e+01
      vertex   7.300000e+01 5.250000e+01 4.383642e+01
      vertex   7.300000e+01 5.250000e+01 4.383820e+01
    endloop
  endfacet
  facet normal 0.000000e+00 1.000000e+00 0.000000e+00
    outer loop
      vertex   7.304000e+01 5.250000e+01 4.400001e+01
      vertex   7.300000e+01 5.250000e+01 4.383820e+01
      vertex   7.300000e+01 5.250000e+01 4.383995e+01
    endloop
  endfacet
  facet normal 0.000000e+00 1.000000e+00 0.000000e+00
    outer loop
      vertex   7.304000e+01 5.250000e+01 4.400001e+01
      vertex   7.300000e+01 5.250000e+01 4.383995e+01
      vertex   7.300000e+01 5.250000e+01 4.400001e+01
    endloop
  endfacet
  facet normal 0.000000e+00 1.000000e+00 -0.000000e+00
    outer loop
      vertex   7.500000e+01 5.250000e+01 4.383995e+01
      vertex   7.304000e+01 5.250000e+01 4.400001e+01
      vertex   7.500000e+01 5.250000e+01 4.400001e+01
    endloop
  endfacet
  facet normal 0.000000e+00 1.000000e+00 -0.000000e+00
    outer loop
      vertex   7.500000e+01 5.250000e+01 4.383820e+01
      vertex   7.304000e+01 5.250000e+01 4.400001e+01
      vertex   7.500000e+01 5.250000e+01 4.383995e+01
    endloop
  endfacet
  facet normal 0.000000e+00 1.000000e+00 -0.000000e+00
    outer loop
      vertex   7.500000e+01 5.250000e+01 4.383642e+01
      vertex   7.304000e+01 5.250000e+01 4.400001e+01
      vertex   7.500000e+01 5.250000e+01 4.383820e+01
    endloop
  endfacet
  facet normal 0.000000e+00 1.000000e+00 -0.000000e+00
    outer loop
      vertex   7.500000e+01 5.250000e+01 4.383460e+01
      vertex   7.304000e+01 5.250000e+01 4.400001e+01
      vertex   7.500000e+01 5.250000e+01 4.383642e+01
    endloop
  endfacet
  facet normal 0.000000e+00 1.000000e+00 -0.000000e+00
    outer loop
      vertex   7.500000e+01 5.250000e+01 4.383273e+01
      vertex   7.304000e+01 5.250000e+01 4.400001e+01
      vertex   7.500000e+01 5.250000e+01 4.383460e+01
    endloop
  endfacet
  facet normal 0.000000e+00 1.000000e+00 -0.000000e+00
    outer loop
      vertex   7.500000e+01 5.250000e+01 4.383082e+01
      vertex   7.304000e+01 5.250000e+01 4.400001e+01
      vertex   7.500000e+01 5.250000e+01 4.383273e+01
    endloop
  endfacet
  facet normal 0.000000e+00 1.000000e+00 -0.000000e+00
    outer loop
      vertex   7.500000e+01 5.250000e+01 4.382887e+01
      vertex   7.304000e+01 5.250000e+01 4.400001e+01
      vertex   7.500000e+01 5.250000e+01 4.383082e+01
    endloop
  endfacet
  facet normal 0.000000e+00 1.000000e+00 -0.000000e+00
    outer loop
      vertex   7.500000e+01 5.250000e+01 4.382687e+01
      vertex   7.304000e+01 5.250000e+01 4.400001e+01
      vertex   7.500000e+01 5.250000e+01 4.382887e+01
    endloop
  endfacet
  facet normal 0.000000e+00 1.000000e+00 -0.000000e+00
    outer loop
      vertex   7.500000e+01 5.250000e+01 4.382483e+01
      vertex   7.304000e+01 5.250000e+01 4.400001e+01
      vertex   7.500000e+01 5.250000e+01 4.382687e+01
    endloop
  endfacet
  facet normal 0.000000e+00 1.000000e+00 -0.000000e+00
    outer loop
      vertex   7.500000e+01 5.250000e+01 4.382274e+01
      vertex   7.304000e+01 5.250000e+01 4.400001e+01
      vertex   7.500000e+01 5.250000e+01 4.382483e+01
    endloop
  endfacet
  facet normal 0.000000e+00 1.000000e+00 -0.000000e+00
    outer loop
      vertex   7.500000e+01 5.250000e+01 4.382059e+01
      vertex   7.304000e+01 5.250000e+01 4.400001e+01
      vertex   7.500000e+01 5.250000e+01 4.382274e+01
    endloop
  endfacet
  facet normal 0.000000e+00 1.000000e+00 -0.000000e+00
    outer loop
      vertex   7.500000e+01 5.250000e+01 4.381840e+01
      vertex   7.304000e+01 5.250000e+01 4.400001e+01
      vertex   7.500000e+01 5.250000e+01 4.382059e+01
    endloop
  endfacet
  facet normal 0.000000e+00 1.000000e+00 -0.000000e+00
    outer loop
      vertex   7.500000e+01 5.250000e+01 4.381615e+01
      vertex   7.304000e+01 5.250000e+01 4.400001e+01
      vertex   7.500000e+01 5.250000e+01 4.381840e+01
    endloop
  endfacet
  facet normal 0.000000e+00 1.000000e+00 -0.000000e+00
    outer loop
      vertex   7.500000e+01 5.250000e+01 4.381384e+01
      vertex   7.304000e+01 5.250000e+01 4.400001e+01
      vertex   7.500000e+01 5.250000e+01 4.381615e+01
    endloop
  endfacet
  facet normal 0.000000e+00 1.000000e+00 -0.000000e+00
    outer loop
      vertex   7.500000e+01 5.250000e+01 4.381147e+01
      vertex   7.304000e+01 5.250000e+01 4.400001e+01
      vertex   7.500000e+01 5.250000e+01 4.381384e+01
    endloop
  endfacet
  facet normal 0.000000e+00 1.000000e+00 -0.000000e+00
    outer loop
      vertex   7.500000e+01 5.250000e+01 4.380905e+01
      vertex   7.304000e+01 5.250000e+01 4.400001e+01
      vertex   7.500000e+01 5.250000e+01 4.381147e+01
    endloop
  endfacet
  facet normal 0.000000e+00 1.000000e+00 -0.000000e+00
    outer loop
      vertex   7.500000e+01 5.250000e+01 4.380656e+01
      vertex   7.304000e+01 5.250000e+01 4.400001e+01
      vertex   7.500000e+01 5.250000e+01 4.380905e+01
    endloop
  endfacet
  facet normal 0.000000e+00 1.000000e+00 -0.000000e+00
    outer loop
      vertex   7.500000e+01 5.250000e+01 4.380400e+01
      vertex   7.304000e+01 5.250000e+01 4.400001e+01
      vertex   7.500000e+01 5.250000e+01 4.380656e+01
    endloop
  endfacet
  facet normal 0.000000e+00 1.000000e+00 -0.000000e+00
    outer loop
      vertex   7.500000e+01 5.250000e+01 4.380138e+01
      vertex   7.304000e+01 5.250000e+01 4.400001e+01
      vertex   7.500000e+01 5.250000e+01 4.380400e+01
    endloop
  endfacet
  facet normal 0.000000e+00 1.000000e+00 -0.000000e+00
    outer loop
      vertex   7.500000e+01 5.250000e+01 4.379869e+01
      vertex   7.304000e+01 5.250000e+01 4.400001e+01
      vertex   7.500000e+01 5.250000e+01 4.380138e+01
    endloop
  endfacet
  facet normal 0.000000e+00 1.000000e+00 -0.000000e+00
    outer loop
      vertex   7.500000e+01 5.250000e+01 4.379592e+01
      vertex   7.304000e+01 5.250000e+01 4.400001e+01
      vertex   7.500000e+01 5.250000e+01 4.379869e+01
    endloop
  endfacet
  facet normal 0.000000e+00 1.000000e+00 -0.000000e+00
    outer loop
      vertex   7.500000e+01 5.250000e+01 4.379307e+01
      vertex   7.304000e+01 5.250000e+01 4.400001e+01
      vertex   7.500000e+01 5.250000e+01 4.379592e+01
    endloop
  endfacet
  facet normal 0.000000e+00 1.000000e+00 -0.000000e+00
    outer loop
      vertex   7.500000e+01 5.250000e+01 4.379014e+01
      vertex   7.304000e+01 5.250000e+01 4.400001e+01
      vertex   7.500000e+01 5.250000e+01 4.379307e+01
    endloop
  endfacet
  facet normal 0.000000e+00 1.000000e+00 -0.000000e+00
    outer loop
      vertex   7.500000e+01 5.250000e+01 4.378713e+01
      vertex   7.304000e+01 5.250000e+01 4.400001e+01
      vertex   7.500000e+01 5.250000e+01 4.379014e+01
    endloop
  endfacet
  facet normal 0.000000e+00 1.000000e+00 -0.000000e+00
    outer loop
      vertex   7.500000e+01 5.250000e+01 4.378403e+01
      vertex   7.304000e+01 5.250000e+01 4.400001e+01
      vertex   7.500000e+01 5.250000e+01 4.378713e+01
    endloop
  endfacet
  facet normal 0.000000e+00 1.000000e+00 -0.000000e+00
    outer loop
      vertex   7.500000e+01 5.250000e+01 4.378084e+01
      vertex   7.304000e+01 5.250000e+01 4.400001e+01
      vertex   7.500000e+01 5.250000e+01 4.378403e+01
    endloop
  endfacet
  facet normal 0.000000e+00 1.000000e+00 -0.000000e+00
    outer loop
      vertex   7.500000e+01 5.250000e+01 4.377756e+01
      vertex   7.304000e+01 5.250000e+01 4.400001e+01
      vertex   7.500000e+01 5.250000e+01 4.378084e+01
    endloop
  endfacet
  facet normal 0.000000e+00 1.000000e+00 -0.000000e+00
    outer loop
      vertex   7.500000e+01 5.250000e+01 4.377417e+01
      vertex   7.304000e+01 5.250000e+01 4.400001e+01
      vertex   7.500000e+01 5.250000e+01 4.377756e+01
    endloop
  endfacet
  facet normal 0.000000e+00 1.000000e+00 -0.000000e+00
    outer loop
      vertex   7.500000e+01 5.250000e+01 4.377068e+01
      vertex   7.304000e+01 5.250000e+01 4.400001e+01
      vertex   7.500000e+01 5.250000e+01 4.377417e+01
    endloop
  endfacet
  facet normal 0.000000e+00 1.000000e+00 -0.000000e+00
    outer loop
      vertex   7.500000e+01 5.250000e+01 4.376708e+01
      vertex   7.304000e+01 5.250000e+01 4.400001e+01
      vertex   7.500000e+01 5.250000e+01 4.377068e+01
    endloop
  endfacet
  facet normal 0.000000e+00 1.000000e+00 -0.000000e+00
    outer loop
      vertex   7.500000e+01 5.250000e+01 4.376337e+01
      vertex   7.304000e+01 5.250000e+01 4.400001e+01
      vertex   7.500000e+01 5.250000e+01 4.376708e+01
    endloop
  endfacet
  facet normal 0.000000e+00 1.000000e+00 0.000000e+00
    outer loop
      vertex   7.304000e+01 5.250000e+01 4.400001e+01
      vertex   7.500000e+01 5.250000e+01 4.376337e+01
      vertex   7.300000e+01 5.250000e+01 4.376337e+01
    endloop
  endfacet
  facet normal 0.000000e+00 1.000000e+00 0.000000e+00
    outer loop
      vertex   7.300000e+01 5.250000e+01 4.375557e+01
      vertex   7.300000e+01 5.250000e+01 4.375953e+01
      vertex   7.500000e+01 5.250000e+01 4.375557e+01
    endloop
  endfacet
  facet normal 0.000000e+00 1.000000e+00 -0.000000e+00
    outer loop
      vertex   7.500000e+01 5.250000e+01 4.375953e+01
      vertex   7.300000e+01 5.250000e+01 4.376337e+01
      vertex   7.500000e+01 5.250000e+01 4.376337e+01
    endloop
  endfacet
  facet normal 0.000000e+00 1.000000e+00 0.000000e+00
    outer loop
      vertex   7.723501e+01 5.250000e+01 2.000008e+00
      vertex   7.500000e+01 5.250000e+01 4.000664e-02
      vertex   7.500000e+01 5.250000e+01 2.000008e+00
    endloop
  endfacet
  facet normal 0.000000e+00 1.000000e+00 -0.000000e+00
    outer loop
      vertex   1.750000e+02 5.250000e+01 1.959999e+00
      vertex   1.727670e+02 5.250000e+01 2.000000e+00
      vertex   1.750000e+02 5.250000e+01 2.000000e+00
    endloop
  endfacet
  facet normal 0.000000e+00 1.000000e+00 0.000000e+00
    outer loop
      vertex   1.727319e+02 5.250000e+01 -4.440892e-15
      vertex   1.727319e+02 5.250000e+01 2.000000e+00
      vertex   1.727670e+02 5.250000e+01 -4.440892e-15
    endloop
  endfacet
  facet normal 0.000000e+00 1.000000e+00 0.000000e+00
    outer loop
      vertex   1.727670e+02 5.250000e+01 -4.440892e-15
      vertex   1.727670e+02 5.250000e+01 2.000000e+00
      vertex   1.750000e+02 5.250000e+01 1.959999e+00
    endloop
  endfacet
  facet normal 0.000000e+00 1.000000e+00 0.000000e+00
    outer loop
      vertex   1.727670e+02 5.250000e+01 -4.440892e-15
      vertex   1.750000e+02 5.250000e+01 1.959999e+00
      vertex   1.750000e+02 5.250000e+01 -4.440892e-15
    endloop
  endfacet
  facet normal 0.000000e+00 1.000000e+00 0.000000e+00
    outer loop
      vertex   1.726935e+02 5.250000e+01 -4.440892e-15
      vertex   1.726935e+02 5.250000e+01 2.000000e+00
      vertex   1.727319e+02 5.250000e+01 -4.440892e-15
    endloop
  endfacet
  facet normal 0.000000e+00 1.000000e+00 0.000000e+00
    outer loop
      vertex   1.727670e+02 5.250000e+01 2.000000e+00
      vertex   1.727670e+02 5.250000e+01 -4.440892e-15
      vertex   1.727319e+02 5.250000e+01 2.000000e+00
    endloop
  endfacet
  facet normal 0.000000e+00 1.000000e+00 0.000000e+00
    outer loop
      vertex   1.727319e+02 5.250000e+01 2.000000e+00
      vertex   1.727319e+02 5.250000e+01 -4.440892e-15
      vertex   1.726935e+02 5.250000e+01 2.000000e+00
    endloop
  endfacet
  facet normal 0.000000e+00 1.000000e+00 -0.000000e+00
    outer loop
      vertex   1.726935e+02 5.250000e+01 -4.440892e-15
      vertex   1.726528e+02 5.250000e+01 -4.440892e-15
      vertex   1.726935e+02 5.250000e+01 2.000000e+00
    endloop
  endfacet
  facet normal -0.000000e+00 1.000000e+00 0.000000e+00
    outer loop
      vertex   1.726528e+02 5.250000e+01 2.000000e+00
      vertex   1.726935e+02 5.250000e+01 2.000000e+00
      vertex   1.726528e+02 5.250000e+01 -4.440892e-15
    endloop
  endfacet
  facet normal 0.000000e+00 1.000000e+00 -0.000000e+00
    outer loop
      vertex   1.726528e+02 5.250000e+01 -4.440892e-15
      vertex   1.726112e+02 5.250000e+01 -4.440892e-15
      vertex   1.726528e+02 5.250000e+01 2.000000e+00
    endloop
  endfacet
  facet normal -0.000000e+00 1.000000e+00 0.000000e+00
    outer loop
      vertex   1.726112e+02 5.250000e+01 2.000000e+00
      vertex   1.726528e+02 5.250000e+01 2.000000e+00
      vertex   1.726112e+02 5.250000e+01 -4.440892e-15
    endloop
  endfacet
  facet normal 0.000000e+00 1.000000e+00 -0.000000e+00
    outer loop
      vertex   1.726112e+02 5.250000e+01 -4.440892e-15
      vertex   1.725702e+02 5.250000e+01 -4.440892e-15
      vertex   1.726112e+02 5.250000e+01 2.000000e+00
    endloop
  endfacet
  facet normal -0.000000e+00 1.000000e+00 0.000000e+00
    outer loop
      vertex   1.725702e+02 5.250000e+01 2.000000e+00
      vertex   1.726112e+02 5.250000e+01 2.000000e+00
      vertex   1.725702e+02 5.250000e+01 -4.440892e-15
    endloop
  endfacet
  facet normal 0.000000e+00 1.000000e+00 -0.000000e+00
    outer loop
      vertex   1.725702e+02 5.250000e+01 -4.440892e-15
      vertex   1.725312e+02 5.250000e+01 -4.440892e-15
      vertex   1.725702e+02 5.250000e+01 2.000000e+00
    endloop
  endfacet
  facet normal -0.000000e+00 1.000000e+00 0.000000e+00
    outer loop
      vertex   1.725312e+02 5.250000e+01 2.000000e+00
      vertex   1.725702e+02 5.250000e+01 2.000000e+00
      vertex   1.725312e+02 5.250000e+01 -4.440892e-15
    endloop
  endfacet
  facet normal 0.000000e+00 1.000000e+00 -0.000000e+00
    outer loop
      vertex   1.725312e+02 5.250000e+01 -4.440892e-15
      vertex   1.724959e+02 5.250000e+01 -4.440892e-15
      vertex   1.725312e+02 5.250000e+01 2.000000e+00
    endloop
  endfacet
  facet normal -0.000000e+00 1.000000e+00 0.000000e+00
    outer loop
      vertex   1.724959e+02 5.250000e+01 2.000000e+00
      vertex   1.725312e+02 5.250000e+01 2.000000e+00
      vertex   1.724959e+02 5.250000e+01 -4.440892e-15
    endloop
  endfacet
  facet normal 0.000000e+00 1.000000e+00 0.000000e+00
    outer loop
      vertex   8.462681e+01 5.250000e+01 7.629395e-06
      vertex   8.462681e+01 5.250000e+01 2.000008e+00
      vertex   8.464269e+01 5.250000e+01 7.629395e-06
    endloop
  endfacet
  facet normal -4.342119e-08 1.000000e+00 1.123181e-06
    outer loop
      vertex   1.724959e+02 5.250000e+01 -4.440892e-15
      vertex   8.464269e+01 5.250000e+01 7.629395e-06
      vertex   1.150567e+02 5.250000e+01 1.175787e+00
    endloop
  endfacet
  facet normal 0.000000e+00 1.000000e+00 0.000000e+00
    outer loop
      vertex   8.464269e+01 5.250000e+01 2.000008e+00
      vertex   8.464269e+01 5.250000e+01 7.629395e-06
      vertex   8.462681e+01 5.250000e+01 2.000008e+00
    endloop
  endfacet
  facet normal 0.000000e+00 1.000000e+00 0.000000e+00
    outer loop
      vertex   8.452732e+01 5.250000e+01 7.629395e-06
      vertex   8.452732e+01 5.250000e+01 2.000008e+00
      vertex   8.458785e+01 5.250000e+01 7.629395e-06
    endloop
  endfacet
  facet normal 0.000000e+00 1.000000e+00 -0.000000e+00
    outer loop
      vertex   8.462681e+01 5.250000e+01 7.629395e-06
      vertex   8.458785e+01 5.250000e+01 7.629395e-06
      vertex   8.462681e+01 5.250000e+01 2.000008e+00
    endloop
  endfacet
  facet normal -0.000000e+00 1.000000e+00 0.000000e+00
    outer loop
      vertex   8.458785e+01 5.250000e+01 2.000008e+00
      vertex   8.462681e+01 5.250000e+01 2.000008e+00
      vertex   8.458785e+01 5.250000e+01 7.629395e-06
    endloop
  endfacet
  facet normal 0.000000e+00 1.000000e+00 0.000000e+00
    outer loop
      vertex   8.458785e+01 5.250000e+01 2.000008e+00
      vertex   8.458785e+01 5.250000e+01 7.629395e-06
      vertex   8.452732e+01 5.250000e+01 2.000008e+00
    endloop
  endfacet
  facet normal 0.000000e+00 1.000000e+00 -0.000000e+00
    outer loop
      vertex   8.452732e+01 5.250000e+01 7.629395e-06
      vertex   8.444771e+01 5.250000e+01 7.629395e-06
      vertex   8.452732e+01 5.250000e+01 2.000008e+00
    endloop
  endfacet
  facet normal -0.000000e+00 1.000000e+00 0.000000e+00
    outer loop
      vertex   8.444771e+01 5.250000e+01 2.000008e+00
      vertex   8.452732e+01 5.250000e+01 2.000008e+00
      vertex   8.444771e+01 5.250000e+01 7.629395e-06
    endloop
  endfacet
  facet normal 0.000000e+00 1.000000e+00 -0.000000e+00
    outer loop
      vertex   8.444771e+01 5.250000e+01 7.629395e-06
      vertex   8.435223e+01 5.250000e+01 7.629395e-06
      vertex   8.444771e+01 5.250000e+01 2.000008e+00
    endloop
  endfacet
  facet normal -0.000000e+00 1.000000e+00 0.000000e+00
    outer loop
      vertex   8.435223e+01 5.250000e+01 2.000008e+00
      vertex   8.444771e+01 5.250000e+01 2.000008e+00
      vertex   8.435223e+01 5.250000e+01 7.629395e-06
    endloop
  endfacet
  facet normal 0.000000e+00 1.000000e+00 -0.000000e+00
    outer loop
      vertex   8.435223e+01 5.250000e+01 7.629395e-06
      vertex   8.424466e+01 5.250000e+01 7.629395e-06
      vertex   8.435223e+01 5.250000e+01 2.000008e+00
    endloop
  endfacet
  facet normal -0.000000e+00 1.000000e+00 0.000000e+00
    outer loop
      vertex   8.424466e+01 5.250000e+01 2.000008e+00
      vertex   8.435223e+01 5.250000e+01 2.000008e+00
      vertex   8.424466e+01 5.250000e+01 7.629395e-06
    endloop
  endfacet
  facet normal 0.000000e+00 1.000000e+00 -0.000000e+00
    outer loop
      vertex   8.424466e+01 5.250000e+01 7.629395e-06
      vertex   8.412907e+01 5.250000e+01 7.629395e-06
      vertex   8.424466e+01 5.250000e+01 2.000008e+00
    endloop
  endfacet
  facet normal -0.000000e+00 1.000000e+00 0.000000e+00
    outer loop
      vertex   8.412907e+01 5.250000e+01 2.000008e+00
      vertex   8.424466e+01 5.250000e+01 2.000008e+00
      vertex   8.412907e+01 5.250000e+01 7.629395e-06
    endloop
  endfacet
  facet normal 0.000000e+00 1.000000e+00 -0.000000e+00
    outer loop
      vertex   8.412907e+01 5.250000e+01 7.629395e-06
      vertex   8.400963e+01 5.250000e+01 7.629395e-06
      vertex   8.412907e+01 5.250000e+01 2.000008e+00
    endloop
  endfacet
  facet normal -0.000000e+00 1.000000e+00 0.000000e+00
    outer loop
      vertex   8.400963e+01 5.250000e+01 2.000008e+00
      vertex   8.412907e+01 5.250000e+01 2.000008e+00
      vertex   8.400963e+01 5.250000e+01 7.629395e-06
    endloop
  endfacet
  facet normal -9.669758e-07 1.000000e+00 0.000000e+00
    outer loop
      vertex   7.994540e+01 5.250000e+01 7.629395e-06
      vertex   7.994540e+01 5.250000e+01 2.000008e+00
      vertex   8.389037e+01 5.250000e+01 7.629395e-06
    endloop
  endfacet
  facet normal 0.000000e+00 1.000000e+00 -0.000000e+00
    outer loop
      vertex   8.400963e+01 5.250000e+01 7.629395e-06
      vertex   8.389037e+01 5.250000e+01 7.629395e-06
      vertex   8.400963e+01 5.250000e+01 2.000008e+00
    endloop
  endfacet
  facet normal -0.000000e+00 1.000000e+00 0.000000e+00
    outer loop
      vertex   8.389037e+01 5.250000e+01 2.000008e+00
      vertex   8.400963e+01 5.250000e+01 2.000008e+00
      vertex   8.389037e+01 5.250000e+01 7.629395e-06
    endloop
  endfacet
  facet normal -9.669758e-07 1.000000e+00 0.000000e+00
    outer loop
      vertex   8.389037e+01 5.250000e+01 2.000008e+00
      vertex   8.389037e+01 5.250000e+01 7.629395e-06
      vertex   7.994540e+01 5.250000e+01 2.000008e+00
    endloop
  endfacet
  facet normal 0.000000e+00 1.000000e+00 0.000000e+00
    outer loop
      vertex   7.959115e+01 5.250000e+01 7.629395e-06
      vertex   7.959115e+01 5.250000e+01 2.000008e+00
      vertex   7.984249e+01 5.250000e+01 7.629395e-06
    endloop
  endfacet
  facet normal 0.000000e+00 1.000000e+00 -0.000000e+00
    outer loop
      vertex   7.994540e+01 5.250000e+01 7.629395e-06
      vertex   7.984249e+01 5.250000e+01 7.629395e-06
      vertex   7.994540e+01 5.250000e+01 2.000008e+00
    endloop
  endfacet
  facet normal -0.000000e+00 1.000000e+00 0.000000e+00
    outer loop
      vertex   7.984249e+01 5.250000e+01 2.000008e+00
      vertex   7.994540e+01 5.250000e+01 2.000008e+00
      vertex   7.984249e+01 5.250000e+01 7.629395e-06
    endloop
  endfacet
  facet normal 0.000000e+00 1.000000e+00 0.000000e+00
    outer loop
      vertex   7.984249e+01 5.250000e+01 2.000008e+00
      vertex   7.984249e+01 5.250000e+01 7.629395e-06
      vertex   7.959115e+01 5.250000e+01 2.000008e+00
    endloop
  endfacet
  facet normal 0.000000e+00 1.000000e+00 0.000000e+00
    outer loop
      vertex   7.875510e+01 5.250000e+01 7.629395e-06
      vertex   7.875510e+01 5.250000e+01 2.000008e+00
      vertex   7.921347e+01 5.250000e+01 7.629395e-06
    endloop
  endfacet
  facet normal 0.000000e+00 1.000000e+00 -0.000000e+00
    outer loop
      vertex   7.959115e+01 5.250000e+01 7.629395e-06
      vertex   7.921347e+01 5.250000e+01 7.629395e-06
      vertex   7.959115e+01 5.250000e+01 2.000008e+00
    endloop
  endfacet
  facet normal -0.000000e+00 1.000000e+00 0.000000e+00
    outer loop
      vertex   7.921347e+01 5.250000e+01 2.000008e+00
      vertex   7.959115e+01 5.250000e+01 2.000008e+00
      vertex   7.921347e+01 5.250000e+01 7.629395e-06
    endloop
  endfacet
  facet normal 0.000000e+00 1.000000e+00 0.000000e+00
    outer loop
      vertex   7.921347e+01 5.250000e+01 2.000008e+00
      vertex   7.921347e+01 5.250000e+01 7.629395e-06
      vertex   7.875510e+01 5.250000e+01 2.000008e+00
    endloop
  endfacet
  facet normal 0.000000e+00 1.000000e+00 -0.000000e+00
    outer loop
      vertex   7.875510e+01 5.250000e+01 7.629395e-06
      vertex   7.827057e+01 5.250000e+01 7.629395e-06
      vertex   7.875510e+01 5.250000e+01 2.000008e+00
    endloop
  endfacet
  facet normal -0.000000e+00 1.000000e+00 0.000000e+00
    outer loop
      vertex   7.827057e+01 5.250000e+01 2.000008e+00
      vertex   7.875510e+01 5.250000e+01 2.000008e+00
      vertex   7.827057e+01 5.250000e+01 7.629395e-06
    endloop
  endfacet
  facet normal 0.000000e+00 1.000000e+00 0.000000e+00
    outer loop
      vertex   7.758835e+01 5.250000e+01 7.629395e-06
      vertex   7.758835e+01 5.250000e+01 2.000008e+00
      vertex   7.759042e+01 5.250000e+01 7.629395e-06
    endloop
  endfacet
  facet normal 0.000000e+00 1.000000e+00 -0.000000e+00
    outer loop
      vertex   7.827057e+01 5.250000e+01 7.629395e-06
      vertex   7.759042e+01 5.250000e+01 7.629395e-06
      vertex   7.827057e+01 5.250000e+01 2.000008e+00
    endloop
  endfacet
  facet normal -0.000000e+00 1.000000e+00 0.000000e+00
    outer loop
      vertex   7.759042e+01 5.250000e+01 2.000008e+00
      vertex   7.827057e+01 5.250000e+01 2.000008e+00
      vertex   7.759042e+01 5.250000e+01 7.629395e-06
    endloop
  endfacet
  facet normal 0.000000e+00 1.000000e+00 0.000000e+00
    outer loop
      vertex   7.759042e+01 5.250000e+01 2.000008e+00
      vertex   7.759042e+01 5.250000e+01 7.629395e-06
      vertex   7.758835e+01 5.250000e+01 2.000008e+00
    endloop
  endfacet
  facet normal 0.000000e+00 1.000000e+00 0.000000e+00
    outer loop
      vertex   7.756109e+01 5.250000e+01 7.629395e-06
      vertex   7.756109e+01 5.250000e+01 2.000008e+00
      vertex   7.757849e+01 5.250000e+01 7.629395e-06
    endloop
  endfacet
  facet normal 0.000000e+00 1.000000e+00 -0.000000e+00
    outer loop
      vertex   7.758835e+01 5.250000e+01 7.629395e-06
      vertex   7.757849e+01 5.250000e+01 7.629395e-06
      vertex   7.758835e+01 5.250000e+01 2.000008e+00
    endloop
  endfacet
  facet normal -0.000000e+00 1.000000e+00 0.000000e+00
    outer loop
      vertex   7.757849e+01 5.250000e+01 2.000008e+00
      vertex   7.758835e+01 5.250000e+01 2.000008e+00
      vertex   7.757849e+01 5.250000e+01 7.629395e-06
    endloop
  endfacet
  facet normal 0.000000e+00 1.000000e+00 0.000000e+00
    outer loop
      vertex   7.757849e+01 5.250000e+01 2.000008e+00
      vertex   7.757849e+01 5.250000e+01 7.629395e-06
      vertex   7.756109e+01 5.250000e+01 2.000008e+00
    endloop
  endfacet
  facet normal 0.000000e+00 1.000000e+00 -0.000000e+00
    outer loop
      vertex   7.756109e+01 5.250000e+01 7.629395e-06
      vertex   7.753671e+01 5.250000e+01 7.629395e-06
      vertex   7.756109e+01 5.250000e+01 2.000008e+00
    endloop
  endfacet
  facet normal -0.000000e+00 1.000000e+00 0.000000e+00
    outer loop
      vertex   7.753671e+01 5.250000e+01 2.000008e+00
      vertex   7.756109e+01 5.250000e+01 2.000008e+00
      vertex   7.753671e+01 5.250000e+01 7.629395e-06
    endloop
  endfacet
  facet normal 0.000000e+00 1.000000e+00 -0.000000e+00
    outer loop
      vertex   7.753671e+01 5.250000e+01 7.629395e-06
      vertex   7.750624e+01 5.250000e+01 7.629395e-06
      vertex   7.753671e+01 5.250000e+01 2.000008e+00
    endloop
  endfacet
  facet normal -0.000000e+00 1.000000e+00 0.000000e+00
    outer loop
      vertex   7.750624e+01 5.250000e+01 2.000008e+00
      vertex   7.753671e+01 5.250000e+01 2.000008e+00
      vertex   7.750624e+01 5.250000e+01 7.629395e-06
    endloop
  endfacet
  facet normal 0.000000e+00 1.000000e+00 -0.000000e+00
    outer loop
      vertex   7.750624e+01 5.250000e+01 7.629395e-06
      vertex   7.747086e+01 5.250000e+01 7.629395e-06
      vertex   7.750624e+01 5.250000e+01 2.000008e+00
    endloop
  endfacet
  facet normal -0.000000e+00 1.000000e+00 0.000000e+00
    outer loop
      vertex   7.747086e+01 5.250000e+01 2.000008e+00
      vertex   7.750624e+01 5.250000e+01 2.000008e+00
      vertex   7.747086e+01 5.250000e+01 7.629395e-06
    endloop
  endfacet
  facet normal 0.000000e+00 1.000000e+00 -0.000000e+00
    outer loop
      vertex   7.747086e+01 5.250000e+01 7.629395e-06
      vertex   7.743190e+01 5.250000e+01 7.629395e-06
      vertex   7.747086e+01 5.250000e+01 2.000008e+00
    endloop
  endfacet
  facet normal -0.000000e+00 1.000000e+00 0.000000e+00
    outer loop
      vertex   7.743190e+01 5.250000e+01 2.000008e+00
      vertex   7.747086e+01 5.250000e+01 2.000008e+00
      vertex   7.743190e+01 5.250000e+01 7.629395e-06
    endloop
  endfacet
  facet normal 0.000000e+00 1.000000e+00 -0.000000e+00
    outer loop
      vertex   7.743190e+01 5.250000e+01 7.629395e-06
      vertex   7.739087e+01 5.250000e+01 7.629395e-06
      vertex   7.743190e+01 5.250000e+01 2.000008e+00
    endloop
  endfacet
  facet normal -0.000000e+00 1.000000e+00 0.000000e+00
    outer loop
      vertex   7.739087e+01 5.250000e+01 2.000008e+00
      vertex   7.743190e+01 5.250000e+01 2.000008e+00
      vertex   7.739087e+01 5.250000e+01 7.629395e-06
    endloop
  endfacet
  facet normal 0.000000e+00 1.000000e+00 -0.000000e+00
    outer loop
      vertex   7.739087e+01 5.250000e+01 7.629395e-06
      vertex   7.734926e+01 5.250000e+01 7.629395e-06
      vertex   7.739087e+01 5.250000e+01 2.000008e+00
    endloop
  endfacet
  facet normal -0.000000e+00 1.000000e+00 0.000000e+00
    outer loop
      vertex   7.734926e+01 5.250000e+01 2.000008e+00
      vertex   7.739087e+01 5.250000e+01 2.000008e+00
      vertex   7.734926e+01 5.250000e+01 7.629395e-06
    endloop
  endfacet
  facet normal 0.000000e+00 1.000000e+00 -0.000000e+00
    outer loop
      vertex   7.734926e+01 5.250000e+01 7.629395e-06
      vertex   7.730855e+01 5.250000e+01 7.629395e-06
      vertex   7.734926e+01 5.250000e+01 2.000008e+00
    endloop
  endfacet
  facet normal -0.000000e+00 1.000000e+00 0.000000e+00
    outer loop
      vertex   7.730855e+01 5.250000e+01 2.000008e+00
      vertex   7.734926e+01 5.250000e+01 2.000008e+00
      vertex   7.730855e+01 5.250000e+01 7.629395e-06
    endloop
  endfacet
  facet normal 0.000000e+00 1.000000e+00 -0.000000e+00
    outer loop
      vertex   7.730855e+01 5.250000e+01 7.629395e-06
      vertex   7.727007e+01 5.250000e+01 7.629395e-06
      vertex   7.730855e+01 5.250000e+01 2.000008e+00
    endloop
  endfacet
  facet normal -0.000000e+00 1.000000e+00 0.000000e+00
    outer loop
      vertex   7.727007e+01 5.250000e+01 2.000008e+00
      vertex   7.730855e+01 5.250000e+01 2.000008e+00
      vertex   7.727007e+01 5.250000e+01 7.629395e-06
    endloop
  endfacet
  facet normal 0.000000e+00 1.000000e+00 -0.000000e+00
    outer loop
      vertex   7.723501e+01 5.250000e+01 7.629395e-06
      vertex   7.500000e+01 5.250000e+01 4.000664e-02
      vertex   7.723501e+01 5.250000e+01 2.000008e+00
    endloop
  endfacet
  facet normal 0.000000e+00 1.000000e+00 -0.000000e+00
    outer loop
      vertex   7.727007e+01 5.250000e+01 7.629395e-06
      vertex   7.723501e+01 5.250000e+01 7.629395e-06
      vertex   7.727007e+01 5.250000e+01 2.000008e+00
    endloop
  endfacet
  facet normal -0.000000e+00 1.000000e+00 0.000000e+00
    outer loop
      vertex   7.723501e+01 5.250000e+01 2.000008e+00
      vertex   7.727007e+01 5.250000e+01 2.000008e+00
      vertex   7.723501e+01 5.250000e+01 7.629395e-06
    endloop
  endfacet
  facet normal 0.000000e+00 1.000000e+00 0.000000e+00
    outer loop
      vertex   7.500000e+01 5.250000e+01 7.629395e-06
      vertex   7.500000e+01 5.250000e+01 4.000664e-02
      vertex   7.723501e+01 5.250000e+01 7.629395e-06
    endloop
  endfacet
  facet normal 0.000000e+00 1.000000e+00 0.000000e+00
    outer loop
      vertex   1.750000e+02 5.250000e+01 4.374285e+01
      vertex   1.760000e+02 5.250000e+01 2.214145e+01
      vertex   1.750000e+02 5.250000e+01 1.267912e+00
    endloop
  endfacet
  facet normal 0.000000e+00 1.000000e+00 0.000000e+00
    outer loop
      vertex   1.770000e+02 5.250000e+01 1.988050e+00
      vertex   1.760000e+02 5.250000e+01 2.214145e+01
      vertex   1.770000e+02 5.250000e+01 4.301498e+01
    endloop
  endfacet
  facet normal 0.000000e+00 1.000000e+00 0.000000e+00
    outer loop
      vertex   7.500001e+01 5.250000e+01 5.400486e-01
      vertex   7.400000e+01 5.250000e+01 2.250153e+01
      vertex   7.500000e+01 5.250000e+01 4.301499e+01
    endloop
  endfacet
  facet normal 0.000000e+00 1.000000e+00 0.000000e+00
    outer loop
      vertex   7.300000e+01 5.250000e+01 4.301499e+01
      vertex   7.400000e+01 5.250000e+01 2.250153e+01
      vertex   7.300001e+01 5.250000e+01 1.988058e+00
    endloop
  endfacet
  facet normal -4.342142e-08 1.000000e+00 -1.602265e-06
    outer loop
      vertex   1.724959e+02 5.250000e+01 2.000000e+00
      vertex   1.150567e+02 5.250000e+01 1.175787e+00
      vertex   8.464269e+01 5.250000e+01 2.000008e+00
    endloop
  endfacet
  facet normal 0.000000e+00 1.000000e+00 0.000000e+00
    outer loop
      vertex   8.464269e+01 5.250000e+01 2.000008e+00
      vertex   1.150567e+02 5.250000e+01 1.175787e+00
      vertex   8.464269e+01 5.250000e+01 7.629395e-06
    endloop
  endfacet
  facet normal -6.641284e-08 1.000000e+00 0.000000e+00
    outer loop
      vertex   1.724959e+02 5.250000e+01 2.000000e+00
      vertex   1.724959e+02 5.250000e+01 -4.440892e-15
      vertex   1.150567e+02 5.250000e+01 1.175787e+00
    endloop
  endfacet
endsolid
